link_group_id,sha256,duplicate_side,train_sample_id,tier3_sample_id,train_event_id,tier3_event_id,train_path,tier3_path
sha256_6b50e90848606d90,6b50e90848606d9041b42898147b1b68438d4b0903f7ee550a6192110bef47cb,pre,xbd_train_socal_fire_00001023,xbd_tier3_woolsey_fire_00000612,xbd_socal_fire,xbd_woolsey_fire,G:\My Drive\KhoaLuan_Data\data\xBD\train\images\socal-fire_00001023_pre_disaster.png,G:\My Drive\KhoaLuan_Data\data\xBD\Tier3\tier3\tier3\images\woolsey-fire_00000612_pre_disaster.png
sha256_45cb617b18583195,45cb617b185831956371204d82a17faf6de4ce189a820a91cd293785c2d31f85,pre,xbd_train_socal_fire_00000688,xbd_tier3_woolsey_fire_00000009,xbd_socal_fire,xbd_woolsey_fire,G:\My Drive\KhoaLuan_Data\data\xBD\train\images\socal-fire_00000688_pre_disaster.png,G:\My Drive\KhoaLuan_Data\data\xBD\Tier3\tier3\tier3\images\woolsey-fire_00000009_pre_disaster.png
sha256_97a72492e8a10e85,97a72492e8a10e8522ac81db29314aff283deefc133cbd8f7d163a555bdcd7da,pre,xbd_train_socal_fire_00000398,xbd_tier3_woolsey_fire_00000046,xbd_socal_fire,xbd_woolsey_fire,G:\My Drive\KhoaLuan_Data\data\xBD\train\images\socal-fire_00000398_pre_disaster.png,G:\My Drive\KhoaLuan_Data\data\xBD\Tier3\tier3\tier3\images\woolsey-fire_00000046_pre_disaster.png
sha256_2e19da2220f9504d,2e19da2220f9504d5b54a4edb4102b88effa11cb2ed75d2c608857c3ee95f212,pre,xbd_train_socal_fire_00000141,xbd_tier3_woolsey_fire_00000100,xbd_socal_fire,xbd_woolsey_fire,G:\My Drive\KhoaLuan_Data\data\xBD\train\images\socal-fire_00000141_pre_disaster.png,G:\My Drive\KhoaLuan_Data\data\xBD\Tier3\tier3\tier3\images\woolsey-fire_00000100_pre_disaster.png
sha256_a6d579113f4422c1,a6d579113f4422c104433c9716ecfcf18be69eb7508f07e052b075a1456d7e42,pre,xbd_train_socal_fire_00000001,xbd_tier3_woolsey_fire_00000012,xbd_socal_fire,xbd_woolsey_fire,G:\My Drive\KhoaLuan_Data\data\xBD\train\images\socal-fire_00000001_pre_disaster.png,G:\My Drive\KhoaLuan_Data\data\xBD\Tier3\tier3\tier3\images\woolsey-fire_00000012_pre_disaster.png
sha256_840ebd47e3f35d58,840ebd47e3f35d5871bc627d59534b6e376edd5c7d96bfbdd0523bdebc87c655,pre,xbd_train_socal_fire_00000004,xbd_tier3_woolsey_fire_00000019,xbd_socal_fire,xbd_woolsey_fire,G:\My Drive\KhoaLuan_Data\data\xBD\train\images\socal-fire_00000004_pre_disaster.png,G:\My Drive\KhoaLuan_Data\data\xBD\Tier3\tier3\tier3\images\woolsey-fire_00000019_pre_disaster.png
sha256_8419397dd3f6fb1e,8419397dd3f6fb1e4647a63352492991cafc81d97ee5196591c02501a165b47d,pre,xbd_train_socal_fire_00000014,xbd_tier3_woolsey_fire_00000627,xbd_socal_fire,xbd_woolsey_fire,G:\My Drive\KhoaLuan_Data\data\xBD\train\images\socal-fire_00000014_pre_disaster.png,G:\My Drive\KhoaLuan_Data\data\xBD\Tier3\tier3\tier3\images\woolsey-fire_00000627_pre_disaster.png
sha256_2e6367c4c6873594,2e6367c4c6873594fe41c5ac56566ba146cb6a575661a163dd0a288c00ac515f,pre,xbd_train_socal_fire_00000008,xbd_tier3_woolsey_fire_00000603,xbd_socal_fire,xbd_woolsey_fire,G:\My Drive\KhoaLuan_Data\data\xBD\train\images\socal-fire_00000008_pre_disaster.png,G:\My Drive\KhoaLuan_Data\data\xBD\Tier3\tier3\tier3\images\woolsey-fire_00000603_pre_disaster.png
sha256_204dc4640c578f1f,204dc4640c578f1f8d77d967d9f445a8db9bbf4baaaf010ea7712a330cf087dc,pre,xbd_train_socal_fire_00000013,xbd_tier3_woolsey_fire_00000617,xbd_socal_fire,xbd_woolsey_fire,G:\My Drive\KhoaLuan_Data\data\xBD\train\images\socal-fire_00000013_pre_disaster.png,G:\My Drive\KhoaLuan_Data\data\xBD\Tier3\tier3\tier3\images\woolsey-fire_00000617_pre_disaster.png
sha256_66530974c48f6e2b,66530974c48f6e2b6aded54f0170023dfda9ce75bcf79151bc76845977e8a3dc,pre,xbd_train_socal_fire_00000022,xbd_tier3_woolsey_fire_00000072,xbd_socal_fire,xbd_woolsey_fire,G:\My Drive\KhoaLuan_Data\data\xBD\train\images\socal-fire_00000022_pre_disaster.png,G:\My Drive\KhoaLuan_Data\data\xBD\Tier3\tier3\tier3\images\woolsey-fire_00000072_pre_disaster.png
sha256_9e057d8be2fee45c,9e057d8be2fee45c6c6e416e800033db62a5c54d1048c49ff90c9845e9908cec,pre,xbd_train_socal_fire_00000015,xbd_tier3_woolsey_fire_00000042,xbd_socal_fire,xbd_woolsey_fire,G:\My Drive\KhoaLuan_Data\data\xBD\train\images\socal-fire_00000015_pre_disaster.png,G:\My Drive\KhoaLuan_Data\data\xBD\Tier3\tier3\tier3\images\woolsey-fire_00000042_pre_disaster.png
sha256_35673864e345aa41,35673864e345aa41a9daa240eacd16f66fd8e22b02fc6415901b065c602b8c79,pre,xbd_train_socal_fire_00000019,xbd_tier3_woolsey_fire_00000057,xbd_socal_fire,xbd_woolsey_fire,G:\My Drive\KhoaLuan_Data\data\xBD\train\images\socal-fire_00000019_pre_disaster.png,G:\My Drive\KhoaLuan_Data\data\xBD\Tier3\tier3\tier3\images\woolsey-fire_00000057_pre_disaster.png
sha256_5546b2c61fd533a6,5546b2c61fd533a6c69a9f392a61893a7409b9c689af86b499baddec2d507039,pre,xbd_train_socal_fire_00000027,xbd_tier3_woolsey_fire_00000686,xbd_socal_fire,xbd_woolsey_fire,G:\My Drive\KhoaLuan_Data\data\xBD\train\images\socal-fire_00000027_pre_disaster.png,G:\My Drive\KhoaLuan_Data\data\xBD\Tier3\tier3\tier3\images\woolsey-fire_00000686_pre_disaster.png
sha256_2622afb082951e81,2622afb082951e81d8f811f8c667c1b20e6b7220c8b0351a1ac130312a64280b,pre,xbd_train_socal_fire_00000029,xbd_tier3_woolsey_fire_00000668,xbd_socal_fire,xbd_woolsey_fire,G:\My Drive\KhoaLuan_Data\data\xBD\train\images\socal-fire_00000029_pre_disaster.png,G:\My Drive\KhoaLuan_Data\data\xBD\Tier3\tier3\tier3\images\woolsey-fire_00000668_pre_disaster.png
sha256_48c6df75b47b755c,48c6df75b47b755ce5af90f852de4f97ba0a9b850d8a881fcd9ea3871cf53ed0,pre,xbd_train_socal_fire_00000024,xbd_tier3_woolsey_fire_00000671,xbd_socal_fire,xbd_woolsey_fire,G:\My Drive\KhoaLuan_Data\data\xBD\train\images\socal-fire_00000024_pre_disaster.png,G:\My Drive\KhoaLuan_Data\data\xBD\Tier3\tier3\tier3\images\woolsey-fire_00000671_pre_disaster.png
sha256_c64e125e8e53647f,c64e125e8e53647ff9d8d64b4f928c97b0df632dd8dc1f87734bec996578ed16,pre,xbd_train_socal_fire_00000025,xbd_tier3_woolsey_fire_00000656,xbd_socal_fire,xbd_woolsey_fire,G:\My Drive\KhoaLuan_Data\data\xBD\train\images\socal-fire_00000025_pre_disaster.png,G:\My Drive\KhoaLuan_Data\data\xBD\Tier3\tier3\tier3\images\woolsey-fire_00000656_pre_disaster.png
sha256_b5e2f0337ff2ebb5,b5e2f0337ff2ebb5dc4154dfd8d09ac029bc443a2f8e0eb0aa5416eed0576e9d,pre,xbd_train_socal_fire_00000070,xbd_tier3_woolsey_fire_00000153,xbd_socal_fire,xbd_woolsey_fire,G:\My Drive\KhoaLuan_Data\data\xBD\train\images\socal-fire_00000070_pre_disaster.png,G:\My Drive\KhoaLuan_Data\data\xBD\Tier3\tier3\tier3\images\woolsey-fire_00000153_pre_disaster.png
sha256_9ed24d471d7fd0a7,9ed24d471d7fd0a75f56ddbd80859fec21ef9531c211e90e6509c7be8db4ea5d,pre,xbd_train_socal_fire_00000059,xbd_tier3_woolsey_fire_00000234,xbd_socal_fire,xbd_woolsey_fire,G:\My Drive\KhoaLuan_Data\data\xBD\train\images\socal-fire_00000059_pre_disaster.png,G:\My Drive\KhoaLuan_Data\data\xBD\Tier3\tier3\tier3\images\woolsey-fire_00000234_pre_disaster.png
sha256_e16b0c3bde87ffca,e16b0c3bde87ffca790e35302276481cbbd3651576395e469018c4711286b98d,pre,xbd_train_socal_fire_00000061,xbd_tier3_woolsey_fire_00000136,xbd_socal_fire,xbd_woolsey_fire,G:\My Drive\KhoaLuan_Data\data\xBD\train\images\socal-fire_00000061_pre_disaster.png,G:\My Drive\KhoaLuan_Data\data\xBD\Tier3\tier3\tier3\images\woolsey-fire_00000136_pre_disaster.png
sha256_57a0a079fd3a4b1a,57a0a079fd3a4b1a4fdf5f1d0c417dcd43be491ecf3b371333f9cc19c7b6cb67,pre,xbd_train_socal_fire_00000030,xbd_tier3_woolsey_fire_00000697,xbd_socal_fire,xbd_woolsey_fire,G:\My Drive\KhoaLuan_Data\data\xBD\train\images\socal-fire_00000030_pre_disaster.png,G:\My Drive\KhoaLuan_Data\data\xBD\Tier3\tier3\tier3\images\woolsey-fire_00000697_pre_disaster.png
sha256_8267d27d5b8f83a7,8267d27d5b8f83a7cc8968d2250102dc522bb1796c416656010a3c591961577e,pre,xbd_train_socal_fire_00000076,xbd_tier3_woolsey_fire_00000004,xbd_socal_fire,xbd_woolsey_fire,G:\My Drive\KhoaLuan_Data\data\xBD\train\images\socal-fire_00000076_pre_disaster.png,G:\My Drive\KhoaLuan_Data\data\xBD\Tier3\tier3\tier3\images\woolsey-fire_00000004_pre_disaster.png
sha256_b347342a12bb9adc,b347342a12bb9adce0bffa9026629211c4db33401598b3fa771db7b6d7b79ce3,pre,xbd_train_socal_fire_00000080,xbd_tier3_woolsey_fire_00000054,xbd_socal_fire,xbd_woolsey_fire,G:\My Drive\KhoaLuan_Data\data\xBD\train\images\socal-fire_00000080_pre_disaster.png,G:\My Drive\KhoaLuan_Data\data\xBD\Tier3\tier3\tier3\images\woolsey-fire_00000054_pre_disaster.png
sha256_f9e6359662d2acab,f9e6359662d2acab29403dbdd98fc899c765e3ce15b3796decee34d3d9d90b9a,pre,xbd_train_socal_fire_00000081,xbd_tier3_woolsey_fire_00000017,xbd_socal_fire,xbd_woolsey_fire,G:\My Drive\KhoaLuan_Data\data\xBD\train\images\socal-fire_00000081_pre_disaster.png,G:\My Drive\KhoaLuan_Data\data\xBD\Tier3\tier3\tier3\images\woolsey-fire_00000017_pre_disaster.png
sha256_2dcf4d7dc4057f76,2dcf4d7dc4057f7666f6d00d2637bc1e69653ae13148f90d1ed604297618b08d,pre,xbd_train_socal_fire_00000079,xbd_tier3_woolsey_fire_00000164,xbd_socal_fire,xbd_woolsey_fire,G:\My Drive\KhoaLuan_Data\data\xBD\train\images\socal-fire_00000079_pre_disaster.png,G:\My Drive\KhoaLuan_Data\data\xBD\Tier3\tier3\tier3\images\woolsey-fire_00000164_pre_disaster.png
sha256_c7c98b769cc64d91,c7c98b769cc64d91e2f662a83768e1a9df54d2e11178d913cee79d2167da0935,pre,xbd_train_socal_fire_00000083,xbd_tier3_woolsey_fire_00000289,xbd_socal_fire,xbd_woolsey_fire,G:\My Drive\KhoaLuan_Data\data\xBD\train\images\socal-fire_00000083_pre_disaster.png,G:\My Drive\KhoaLuan_Data\data\xBD\Tier3\tier3\tier3\images\woolsey-fire_00000289_pre_disaster.png
sha256_0556b0ae98df6c46,0556b0ae98df6c468f2cfe6fe501a56c222c7303708aecc4e8f1946236a4e764,pre,xbd_train_socal_fire_00000087,xbd_tier3_woolsey_fire_00000784,xbd_socal_fire,xbd_woolsey_fire,G:\My Drive\KhoaLuan_Data\data\xBD\train\images\socal-fire_00000087_pre_disaster.png,G:\My Drive\KhoaLuan_Data\data\xBD\Tier3\tier3\tier3\images\woolsey-fire_00000784_pre_disaster.png
sha256_3b0cb24dcdbaa364,3b0cb24dcdbaa364fa35edf32f13725b2a29bcb7e92188dc4cac3e23b2bd574c,pre,xbd_train_socal_fire_00000082,xbd_tier3_woolsey_fire_00000014,xbd_socal_fire,xbd_woolsey_fire,G:\My Drive\KhoaLuan_Data\data\xBD\train\images\socal-fire_00000082_pre_disaster.png,G:\My Drive\KhoaLuan_Data\data\xBD\Tier3\tier3\tier3\images\woolsey-fire_00000014_pre_disaster.png
sha256_b878517e1b37d6f8,b878517e1b37d6f854153d4562a32a69b7b94f97284c790eeda5421722bbbf53,pre,xbd_train_socal_fire_00000088,xbd_tier3_woolsey_fire_00000010,xbd_socal_fire,xbd_woolsey_fire,G:\My Drive\KhoaLuan_Data\data\xBD\train\images\socal-fire_00000088_pre_disaster.png,G:\My Drive\KhoaLuan_Data\data\xBD\Tier3\tier3\tier3\images\woolsey-fire_00000010_pre_disaster.png
sha256_d55797b41b8143ce,d55797b41b8143cee5a6b72447a37e91374fd7201cfaa34c1e522ce28ba7e103,pre,xbd_train_socal_fire_00000092,xbd_tier3_woolsey_fire_00000176,xbd_socal_fire,xbd_woolsey_fire,G:\My Drive\KhoaLuan_Data\data\xBD\train\images\socal-fire_00000092_pre_disaster.png,G:\My Drive\KhoaLuan_Data\data\xBD\Tier3\tier3\tier3\images\woolsey-fire_00000176_pre_disaster.png
sha256_6b00a02c9983a570,6b00a02c9983a570e86a2708e0dbf6f959e8bd575800117d9abb32eabcd686ce,pre,xbd_train_socal_fire_00000090,xbd_tier3_woolsey_fire_00000029,xbd_socal_fire,xbd_woolsey_fire,G:\My Drive\KhoaLuan_Data\data\xBD\train\images\socal-fire_00000090_pre_disaster.png,G:\My Drive\KhoaLuan_Data\data\xBD\Tier3\tier3\tier3\images\woolsey-fire_00000029_pre_disaster.png
sha256_eb93bf288028e7c5,eb93bf288028e7c56d0389ae97e6165d331b53fdb2b4b4ed9ed9a89c90199fcd,pre,xbd_train_socal_fire_00000089,xbd_tier3_woolsey_fire_00000753,xbd_socal_fire,xbd_woolsey_fire,G:\My Drive\KhoaLuan_Data\data\xBD\train\images\socal-fire_00000089_pre_disaster.png,G:\My Drive\KhoaLuan_Data\data\xBD\Tier3\tier3\tier3\images\woolsey-fire_00000753_pre_disaster.png
sha256_b0e4692815e918cb,b0e4692815e918cb316be8c8e5c75bc5076b088f5e0c31458a2a5e9054ba5f1f,pre,xbd_train_socal_fire_00000091,xbd_tier3_woolsey_fire_00000065,xbd_socal_fire,xbd_woolsey_fire,G:\My Drive\KhoaLuan_Data\data\xBD\train\images\socal-fire_00000091_pre_disaster.png,G:\My Drive\KhoaLuan_Data\data\xBD\Tier3\tier3\tier3\images\woolsey-fire_00000065_pre_disaster.png
sha256_e80babcdc644ad58,e80babcdc644ad58d4644cc46791e6d21ce04788991791f1f355325c8cc0e345,pre,xbd_train_socal_fire_00000095,xbd_tier3_woolsey_fire_00000020,xbd_socal_fire,xbd_woolsey_fire,G:\My Drive\KhoaLuan_Data\data\xBD\train\images\socal-fire_00000095_pre_disaster.png,G:\My Drive\KhoaLuan_Data\data\xBD\Tier3\tier3\tier3\images\woolsey-fire_00000020_pre_disaster.png
sha256_f3c582783946795c,f3c582783946795cae02b38e679b47fc9f2d59459c3b559f05cef722c77199fc,pre,xbd_train_socal_fire_00000096,xbd_tier3_woolsey_fire_00000620,xbd_socal_fire,xbd_woolsey_fire,G:\My Drive\KhoaLuan_Data\data\xBD\train\images\socal-fire_00000096_pre_disaster.png,G:\My Drive\KhoaLuan_Data\data\xBD\Tier3\tier3\tier3\images\woolsey-fire_00000620_pre_disaster.png
sha256_7402ddd7ddd764a3,7402ddd7ddd764a373612100b990d0694a81314abb85004c48e9400adff78a93,pre,xbd_train_socal_fire_00000101,xbd_tier3_woolsey_fire_00000762,xbd_socal_fire,xbd_woolsey_fire,G:\My Drive\KhoaLuan_Data\data\xBD\train\images\socal-fire_00000101_pre_disaster.png,G:\My Drive\KhoaLuan_Data\data\xBD\Tier3\tier3\tier3\images\woolsey-fire_00000762_pre_disaster.png
sha256_61300887df8cdeeb,61300887df8cdeeb290f13203ad2a40de16db47438cae5313a8bed23893ce33a,pre,xbd_train_socal_fire_00000097,xbd_tier3_woolsey_fire_00000018,xbd_socal_fire,xbd_woolsey_fire,G:\My Drive\KhoaLuan_Data\data\xBD\train\images\socal-fire_00000097_pre_disaster.png,G:\My Drive\KhoaLuan_Data\data\xBD\Tier3\tier3\tier3\images\woolsey-fire_00000018_pre_disaster.png
sha256_cf3dd1900bd3a665,cf3dd1900bd3a6651df884383cd43e34de546cb888d2010defa14a43c0c6f2fa,pre,xbd_train_socal_fire_00000107,xbd_tier3_woolsey_fire_00000187,xbd_socal_fire,xbd_woolsey_fire,G:\My Drive\KhoaLuan_Data\data\xBD\train\images\socal-fire_00000107_pre_disaster.png,G:\My Drive\KhoaLuan_Data\data\xBD\Tier3\tier3\tier3\images\woolsey-fire_00000187_pre_disaster.png
sha256_9be3fe8845578ca6,9be3fe8845578ca6fa1f527b3b1e37ad0e1f57896c84c16f242bd82318b8f241,pre,xbd_train_socal_fire_00000106,xbd_tier3_woolsey_fire_00000026,xbd_socal_fire,xbd_woolsey_fire,G:\My Drive\KhoaLuan_Data\data\xBD\train\images\socal-fire_00000106_pre_disaster.png,G:\My Drive\KhoaLuan_Data\data\xBD\Tier3\tier3\tier3\images\woolsey-fire_00000026_pre_disaster.png
sha256_12714e5fb64136db,12714e5fb64136db9652d3997c6058dbed22082d40240f9be1d3711d83635adf,pre,xbd_train_socal_fire_00000102,xbd_tier3_woolsey_fire_00000076,xbd_socal_fire,xbd_woolsey_fire,G:\My Drive\KhoaLuan_Data\data\xBD\train\images\socal-fire_00000102_pre_disaster.png,G:\My Drive\KhoaLuan_Data\data\xBD\Tier3\tier3\tier3\images\woolsey-fire_00000076_pre_disaster.png
sha256_779b08f7a92e7d2c,779b08f7a92e7d2c857e4214ef71c70ac602ed439a42633d303d5e49d0ed9798,pre,xbd_train_socal_fire_00000108,xbd_tier3_woolsey_fire_00000028,xbd_socal_fire,xbd_woolsey_fire,G:\My Drive\KhoaLuan_Data\data\xBD\train\images\socal-fire_00000108_pre_disaster.png,G:\My Drive\KhoaLuan_Data\data\xBD\Tier3\tier3\tier3\images\woolsey-fire_00000028_pre_disaster.png
sha256_e43aba02bbd81023,e43aba02bbd81023d5fa0a4a88a67a1c30701b1a18d1d173bb0a2d21468f387b,pre,xbd_train_socal_fire_00000113,xbd_tier3_woolsey_fire_00000651,xbd_socal_fire,xbd_woolsey_fire,G:\My Drive\KhoaLuan_Data\data\xBD\train\images\socal-fire_00000113_pre_disaster.png,G:\My Drive\KhoaLuan_Data\data\xBD\Tier3\tier3\tier3\images\woolsey-fire_00000651_pre_disaster.png
sha256_9a53aab9d94ec10d,9a53aab9d94ec10d7ef9428be69b5cfc455611211c19ae64970cc6bc38988c3d,pre,xbd_train_socal_fire_00000110,xbd_tier3_woolsey_fire_00000060,xbd_socal_fire,xbd_woolsey_fire,G:\My Drive\KhoaLuan_Data\data\xBD\train\images\socal-fire_00000110_pre_disaster.png,G:\My Drive\KhoaLuan_Data\data\xBD\Tier3\tier3\tier3\images\woolsey-fire_00000060_pre_disaster.png
sha256_7969b7bf774a50e9,7969b7bf774a50e9d06404a80bd631d033a190339c6fdc73fbbc8a02fed3a195,pre,xbd_train_socal_fire_00000109,xbd_tier3_woolsey_fire_00000800,xbd_socal_fire,xbd_woolsey_fire,G:\My Drive\KhoaLuan_Data\data\xBD\train\images\socal-fire_00000109_pre_disaster.png,G:\My Drive\KhoaLuan_Data\data\xBD\Tier3\tier3\tier3\images\woolsey-fire_00000800_pre_disaster.png
sha256_5caee345df89dfe7,5caee345df89dfe794cff5c62293e91e788478520f84b789327456c2e293f5ba,pre,xbd_train_socal_fire_00000114,xbd_tier3_woolsey_fire_00000035,xbd_socal_fire,xbd_woolsey_fire,G:\My Drive\KhoaLuan_Data\data\xBD\train\images\socal-fire_00000114_pre_disaster.png,G:\My Drive\KhoaLuan_Data\data\xBD\Tier3\tier3\tier3\images\woolsey-fire_00000035_pre_disaster.png
sha256_50b69963366a7c88,50b69963366a7c88a68d0f3638298cfe70f2fff20c8b99d7699dda1351ffb293,pre,xbd_train_socal_fire_00000124,xbd_tier3_woolsey_fire_00000041,xbd_socal_fire,xbd_woolsey_fire,G:\My Drive\KhoaLuan_Data\data\xBD\train\images\socal-fire_00000124_pre_disaster.png,G:\My Drive\KhoaLuan_Data\data\xBD\Tier3\tier3\tier3\images\woolsey-fire_00000041_pre_disaster.png
sha256_b37a7e7cf9fa8310,b37a7e7cf9fa83109840f2a668cae575ca50cc639ff68d83f4c944ab727073b6,pre,xbd_train_socal_fire_00000130,xbd_tier3_woolsey_fire_00000816,xbd_socal_fire,xbd_woolsey_fire,G:\My Drive\KhoaLuan_Data\data\xBD\train\images\socal-fire_00000130_pre_disaster.png,G:\My Drive\KhoaLuan_Data\data\xBD\Tier3\tier3\tier3\images\woolsey-fire_00000816_pre_disaster.png
sha256_112d47c9dd84439c,112d47c9dd84439ce92a5a82965ec7676e07bba0a606944dfe48a8f947472733,pre,xbd_train_socal_fire_00000118,xbd_tier3_woolsey_fire_00000044,xbd_socal_fire,xbd_woolsey_fire,G:\My Drive\KhoaLuan_Data\data\xBD\train\images\socal-fire_00000118_pre_disaster.png,G:\My Drive\KhoaLuan_Data\data\xBD\Tier3\tier3\tier3\images\woolsey-fire_00000044_pre_disaster.png
sha256_354c9856e3ee55af,354c9856e3ee55af2f651b15c1f5d5fdcc4ea195d8fa9f4939a9a226b53e6c94,pre,xbd_train_socal_fire_00000116,xbd_tier3_woolsey_fire_00000769,xbd_socal_fire,xbd_woolsey_fire,G:\My Drive\KhoaLuan_Data\data\xBD\train\images\socal-fire_00000116_pre_disaster.png,G:\My Drive\KhoaLuan_Data\data\xBD\Tier3\tier3\tier3\images\woolsey-fire_00000769_pre_disaster.png
sha256_2890cea4654944ea,2890cea4654944ea35e3ef59ff2da1e7f44e3c63e88080013b440c771d4cd1d9,pre,xbd_train_socal_fire_00000151,xbd_tier3_woolsey_fire_00000224,xbd_socal_fire,xbd_woolsey_fire,G:\My Drive\KhoaLuan_Data\data\xBD\train\images\socal-fire_00000151_pre_disaster.png,G:\My Drive\KhoaLuan_Data\data\xBD\Tier3\tier3\tier3\images\woolsey-fire_00000224_pre_disaster.png
sha256_5f9b72104b546c38,5f9b72104b546c389726557078889507860680b971a7034f255c46196cd59d70,pre,xbd_train_socal_fire_00000149,xbd_tier3_woolsey_fire_00000110,xbd_socal_fire,xbd_woolsey_fire,G:\My Drive\KhoaLuan_Data\data\xBD\train\images\socal-fire_00000149_pre_disaster.png,G:\My Drive\KhoaLuan_Data\data\xBD\Tier3\tier3\tier3\images\woolsey-fire_00000110_pre_disaster.png
sha256_6f8483cd2b73281a,6f8483cd2b73281ae94595d2a2c7878392367f1bb445405edcbdd1e03080a353,pre,xbd_train_socal_fire_00000156,xbd_tier3_woolsey_fire_00000830,xbd_socal_fire,xbd_woolsey_fire,G:\My Drive\KhoaLuan_Data\data\xBD\train\images\socal-fire_00000156_pre_disaster.png,G:\My Drive\KhoaLuan_Data\data\xBD\Tier3\tier3\tier3\images\woolsey-fire_00000830_pre_disaster.png
sha256_039f561d43063c46,039f561d43063c46161eb7de3ca30872aa8dfadf83b3dd262c1852357aa8e6b3,pre,xbd_train_socal_fire_00000154,xbd_tier3_woolsey_fire_00000083,xbd_socal_fire,xbd_woolsey_fire,G:\My Drive\KhoaLuan_Data\data\xBD\train\images\socal-fire_00000154_pre_disaster.png,G:\My Drive\KhoaLuan_Data\data\xBD\Tier3\tier3\tier3\images\woolsey-fire_00000083_pre_disaster.png
sha256_aa10a0b7bfa3332e,aa10a0b7bfa3332ea03e92b49641236f041e0ffa5de0ebd2502159c700a1f244,pre,xbd_train_socal_fire_00000160,xbd_tier3_woolsey_fire_00000141,xbd_socal_fire,xbd_woolsey_fire,G:\My Drive\KhoaLuan_Data\data\xBD\train\images\socal-fire_00000160_pre_disaster.png,G:\My Drive\KhoaLuan_Data\data\xBD\Tier3\tier3\tier3\images\woolsey-fire_00000141_pre_disaster.png
sha256_96c57ca58d15886c,96c57ca58d15886c46981d41f3076ad48168681e968abaa0d4d3153a83153951,pre,xbd_train_socal_fire_00000162,xbd_tier3_woolsey_fire_00000836,xbd_socal_fire,xbd_woolsey_fire,G:\My Drive\KhoaLuan_Data\data\xBD\train\images\socal-fire_00000162_pre_disaster.png,G:\My Drive\KhoaLuan_Data\data\xBD\Tier3\tier3\tier3\images\woolsey-fire_00000836_pre_disaster.png
sha256_73cc24ff04c830b7,73cc24ff04c830b7a41bbac0c025027cdc3ae8a48cd32e1c7326680959456c1a,pre,xbd_train_socal_fire_00000157,xbd_tier3_woolsey_fire_00000097,xbd_socal_fire,xbd_woolsey_fire,G:\My Drive\KhoaLuan_Data\data\xBD\train\images\socal-fire_00000157_pre_disaster.png,G:\My Drive\KhoaLuan_Data\data\xBD\Tier3\tier3\tier3\images\woolsey-fire_00000097_pre_disaster.png
sha256_d59b2033a9cb9e17,d59b2033a9cb9e17f0a8bae6b411362d6084c43a462ef84a6baf6229ccd50f38,pre,xbd_train_socal_fire_00000163,xbd_tier3_woolsey_fire_00000098,xbd_socal_fire,xbd_woolsey_fire,G:\My Drive\KhoaLuan_Data\data\xBD\train\images\socal-fire_00000163_pre_disaster.png,G:\My Drive\KhoaLuan_Data\data\xBD\Tier3\tier3\tier3\images\woolsey-fire_00000098_pre_disaster.png
sha256_f6521a62e60fd897,f6521a62e60fd8979da7fcdc56c7fd02dfebc5301920190629cbee0fc5f09161,pre,xbd_train_socal_fire_00000166,xbd_tier3_woolsey_fire_00000108,xbd_socal_fire,xbd_woolsey_fire,G:\My Drive\KhoaLuan_Data\data\xBD\train\images\socal-fire_00000166_pre_disaster.png,G:\My Drive\KhoaLuan_Data\data\xBD\Tier3\tier3\tier3\images\woolsey-fire_00000108_pre_disaster.png
sha256_c86bf8b91c1c2146,c86bf8b91c1c214675dd7b6ce48788c47ac1b8f2cfd4dfc0ebf24d318de708b9,pre,xbd_train_socal_fire_00000167,xbd_tier3_woolsey_fire_00000154,xbd_socal_fire,xbd_woolsey_fire,G:\My Drive\KhoaLuan_Data\data\xBD\train\images\socal-fire_00000167_pre_disaster.png,G:\My Drive\KhoaLuan_Data\data\xBD\Tier3\tier3\tier3\images\woolsey-fire_00000154_pre_disaster.png
sha256_881b8a62e3b8fd23,881b8a62e3b8fd2375543b08341bcf612f5255b4f51b56e5edd336694ddc636b,pre,xbd_train_socal_fire_00000171,xbd_tier3_woolsey_fire_00000842,xbd_socal_fire,xbd_woolsey_fire,G:\My Drive\KhoaLuan_Data\data\xBD\train\images\socal-fire_00000171_pre_disaster.png,G:\My Drive\KhoaLuan_Data\data\xBD\Tier3\tier3\tier3\images\woolsey-fire_00000842_pre_disaster.png
sha256_e1404002e7f75d17,e1404002e7f75d175de5317dfe78e097ea608744838da160f8dac94144463aa4,pre,xbd_train_socal_fire_00000174,xbd_tier3_woolsey_fire_00000135,xbd_socal_fire,xbd_woolsey_fire,G:\My Drive\KhoaLuan_Data\data\xBD\train\images\socal-fire_00000174_pre_disaster.png,G:\My Drive\KhoaLuan_Data\data\xBD\Tier3\tier3\tier3\images\woolsey-fire_00000135_pre_disaster.png
sha256_43929077995cbd31,43929077995cbd319d13cd67037cbc39487e7829ca81ad67bb67e2b3f39c7993,pre,xbd_train_socal_fire_00000175,xbd_tier3_woolsey_fire_00000151,xbd_socal_fire,xbd_woolsey_fire,G:\My Drive\KhoaLuan_Data\data\xBD\train\images\socal-fire_00000175_pre_disaster.png,G:\My Drive\KhoaLuan_Data\data\xBD\Tier3\tier3\tier3\images\woolsey-fire_00000151_pre_disaster.png
sha256_cb37933901c629ec,cb37933901c629ecee781ff74e1867d4169bd492110cb193e14c0070a1fe4e99,pre,xbd_train_socal_fire_00000180,xbd_tier3_woolsey_fire_00000847,xbd_socal_fire,xbd_woolsey_fire,G:\My Drive\KhoaLuan_Data\data\xBD\train\images\socal-fire_00000180_pre_disaster.png,G:\My Drive\KhoaLuan_Data\data\xBD\Tier3\tier3\tier3\images\woolsey-fire_00000847_pre_disaster.png
sha256_776c5ac3c016a308,776c5ac3c016a308a1ab87d4af9185f0ef2bac55a1f024f4438a9f58f8eb21b8,pre,xbd_train_socal_fire_00000183,xbd_tier3_woolsey_fire_00000152,xbd_socal_fire,xbd_woolsey_fire,G:\My Drive\KhoaLuan_Data\data\xBD\train\images\socal-fire_00000183_pre_disaster.png,G:\My Drive\KhoaLuan_Data\data\xBD\Tier3\tier3\tier3\images\woolsey-fire_00000152_pre_disaster.png
sha256_df568d4956a33bc6,df568d4956a33bc6942d9d8c76ac9626400dd25438c02258cb1b3f14084897ea,pre,xbd_train_socal_fire_00000185,xbd_tier3_woolsey_fire_00000160,xbd_socal_fire,xbd_woolsey_fire,G:\My Drive\KhoaLuan_Data\data\xBD\train\images\socal-fire_00000185_pre_disaster.png,G:\My Drive\KhoaLuan_Data\data\xBD\Tier3\tier3\tier3\images\woolsey-fire_00000160_pre_disaster.png
sha256_e9843d7cd2f23b53,e9843d7cd2f23b530828df66a11f83cd7d84e683b26d4845be626a58f0b480af,pre,xbd_train_socal_fire_00000191,xbd_tier3_woolsey_fire_00000812,xbd_socal_fire,xbd_woolsey_fire,G:\My Drive\KhoaLuan_Data\data\xBD\train\images\socal-fire_00000191_pre_disaster.png,G:\My Drive\KhoaLuan_Data\data\xBD\Tier3\tier3\tier3\images\woolsey-fire_00000812_pre_disaster.png
sha256_15bd34f0787a3194,15bd34f0787a319426184961092501d80ec218960afa75495bc0a5da7ab6238e,pre,xbd_train_socal_fire_00000193,xbd_tier3_woolsey_fire_00000178,xbd_socal_fire,xbd_woolsey_fire,G:\My Drive\KhoaLuan_Data\data\xBD\train\images\socal-fire_00000193_pre_disaster.png,G:\My Drive\KhoaLuan_Data\data\xBD\Tier3\tier3\tier3\images\woolsey-fire_00000178_pre_disaster.png
sha256_020f9f83549af16b,020f9f83549af16be7b9a5a3e9fc4357916fb0fb5766f208f21541c2b0810f1c,pre,xbd_train_socal_fire_00000194,xbd_tier3_woolsey_fire_00000172,xbd_socal_fire,xbd_woolsey_fire,G:\My Drive\KhoaLuan_Data\data\xBD\train\images\socal-fire_00000194_pre_disaster.png,G:\My Drive\KhoaLuan_Data\data\xBD\Tier3\tier3\tier3\images\woolsey-fire_00000172_pre_disaster.png
sha256_4d9be0c6e128fdaa,4d9be0c6e128fdaac0a30eaa731f0c1073543cce4fdd8c0da7709dd616a2f897,pre,xbd_train_socal_fire_00000186,xbd_tier3_woolsey_fire_00000345,xbd_socal_fire,xbd_woolsey_fire,G:\My Drive\KhoaLuan_Data\data\xBD\train\images\socal-fire_00000186_pre_disaster.png,G:\My Drive\KhoaLuan_Data\data\xBD\Tier3\tier3\tier3\images\woolsey-fire_00000345_pre_disaster.png
sha256_ac790966e2b3134d,ac790966e2b3134d50324fef554ee57f6fc4901066a659a4ed4994d00159624a,pre,xbd_train_socal_fire_00000197,xbd_tier3_woolsey_fire_00000359,xbd_socal_fire,xbd_woolsey_fire,G:\My Drive\KhoaLuan_Data\data\xBD\train\images\socal-fire_00000197_pre_disaster.png,G:\My Drive\KhoaLuan_Data\data\xBD\Tier3\tier3\tier3\images\woolsey-fire_00000359_pre_disaster.png
sha256_5281976be575dbaf,5281976be575dbaf9d963a671db7922067489dd896eac432fd610d0410580646,pre,xbd_train_socal_fire_00000203,xbd_tier3_woolsey_fire_00000183,xbd_socal_fire,xbd_woolsey_fire,G:\My Drive\KhoaLuan_Data\data\xBD\train\images\socal-fire_00000203_pre_disaster.png,G:\My Drive\KhoaLuan_Data\data\xBD\Tier3\tier3\tier3\images\woolsey-fire_00000183_pre_disaster.png
sha256_b5edcb6aa28926a7,b5edcb6aa28926a710a01439f1697e019d7c36f340a232d5219e60ec98fbe1b7,pre,xbd_train_socal_fire_00000211,xbd_tier3_woolsey_fire_00000206,xbd_socal_fire,xbd_woolsey_fire,G:\My Drive\KhoaLuan_Data\data\xBD\train\images\socal-fire_00000211_pre_disaster.png,G:\My Drive\KhoaLuan_Data\data\xBD\Tier3\tier3\tier3\images\woolsey-fire_00000206_pre_disaster.png
sha256_6bb139c11de3b3d8,6bb139c11de3b3d80b8df34a9d75930dacf71dc61da5ee6dac7bfbba96adf370,pre,xbd_train_socal_fire_00000204,xbd_tier3_woolsey_fire_00000222,xbd_socal_fire,xbd_woolsey_fire,G:\My Drive\KhoaLuan_Data\data\xBD\train\images\socal-fire_00000204_pre_disaster.png,G:\My Drive\KhoaLuan_Data\data\xBD\Tier3\tier3\tier3\images\woolsey-fire_00000222_pre_disaster.png
sha256_168cde9aa704e55b,168cde9aa704e55b14850999b593135ba0ee42feb154a8b9a1bd983dec646067,pre,xbd_train_socal_fire_00000220,xbd_tier3_woolsey_fire_00000216,xbd_socal_fire,xbd_woolsey_fire,G:\My Drive\KhoaLuan_Data\data\xBD\train\images\socal-fire_00000220_pre_disaster.png,G:\My Drive\KhoaLuan_Data\data\xBD\Tier3\tier3\tier3\images\woolsey-fire_00000216_pre_disaster.png
sha256_ef4a95ea02de7f68,ef4a95ea02de7f683f6e1116f85b7e2354cd0cd86d4ae5f9776b60401c654986,pre,xbd_train_socal_fire_00000213,xbd_tier3_woolsey_fire_00000190,xbd_socal_fire,xbd_woolsey_fire,G:\My Drive\KhoaLuan_Data\data\xBD\train\images\socal-fire_00000213_pre_disaster.png,G:\My Drive\KhoaLuan_Data\data\xBD\Tier3\tier3\tier3\images\woolsey-fire_00000190_pre_disaster.png
sha256_20aef3d06d28a466,20aef3d06d28a466e89954bd1ce87914d8aebb99b6efe6d9261074f06dd0132f,pre,xbd_train_socal_fire_00000215,xbd_tier3_woolsey_fire_00000271,xbd_socal_fire,xbd_woolsey_fire,G:\My Drive\KhoaLuan_Data\data\xBD\train\images\socal-fire_00000215_pre_disaster.png,G:\My Drive\KhoaLuan_Data\data\xBD\Tier3\tier3\tier3\images\woolsey-fire_00000271_pre_disaster.png
sha256_01626132de1e4e12,01626132de1e4e128d9f6bc50ff9d3a83496bae6f9f3e47b7685ad46ac926fb9,pre,xbd_train_socal_fire_00000221,xbd_tier3_woolsey_fire_00000197,xbd_socal_fire,xbd_woolsey_fire,G:\My Drive\KhoaLuan_Data\data\xBD\train\images\socal-fire_00000221_pre_disaster.png,G:\My Drive\KhoaLuan_Data\data\xBD\Tier3\tier3\tier3\images\woolsey-fire_00000197_pre_disaster.png
sha256_97c8db1f57db7205,97c8db1f57db720541c56a8f715655b8db3060eecfbdb250625923a516ac453a,pre,xbd_train_socal_fire_00000232,xbd_tier3_woolsey_fire_00000283,xbd_socal_fire,xbd_woolsey_fire,G:\My Drive\KhoaLuan_Data\data\xBD\train\images\socal-fire_00000232_pre_disaster.png,G:\My Drive\KhoaLuan_Data\data\xBD\Tier3\tier3\tier3\images\woolsey-fire_00000283_pre_disaster.png
sha256_57e2af6b6e3c4d9d,57e2af6b6e3c4d9dd5453bcdc457b6f9ed8368084813e3461565b3347feba704,pre,xbd_train_socal_fire_00000222,xbd_tier3_woolsey_fire_00000241,xbd_socal_fire,xbd_woolsey_fire,G:\My Drive\KhoaLuan_Data\data\xBD\train\images\socal-fire_00000222_pre_disaster.png,G:\My Drive\KhoaLuan_Data\data\xBD\Tier3\tier3\tier3\images\woolsey-fire_00000241_pre_disaster.png
sha256_fcfdccb553b8ea23,fcfdccb553b8ea23f361ad6f0343c91116b5945090eb1df4a77afd061e7617b1,pre,xbd_train_socal_fire_00000228,xbd_tier3_woolsey_fire_00000227,xbd_socal_fire,xbd_woolsey_fire,G:\My Drive\KhoaLuan_Data\data\xBD\train\images\socal-fire_00000228_pre_disaster.png,G:\My Drive\KhoaLuan_Data\data\xBD\Tier3\tier3\tier3\images\woolsey-fire_00000227_pre_disaster.png
sha256_5c8445df0c75452c,5c8445df0c75452cdeb6180b78019ec55b41cde3779bed0ccebd6d5228c8f208,pre,xbd_train_socal_fire_00000230,xbd_tier3_woolsey_fire_00000531,xbd_socal_fire,xbd_woolsey_fire,G:\My Drive\KhoaLuan_Data\data\xBD\train\images\socal-fire_00000230_pre_disaster.png,G:\My Drive\KhoaLuan_Data\data\xBD\Tier3\tier3\tier3\images\woolsey-fire_00000531_pre_disaster.png
sha256_f1b9d0def4a9730e,f1b9d0def4a9730e571b0b7a09f2f9288b2f3cac56e0514d97bde64052e9ce56,pre,xbd_train_socal_fire_00000236,xbd_tier3_woolsey_fire_00000779,xbd_socal_fire,xbd_woolsey_fire,G:\My Drive\KhoaLuan_Data\data\xBD\train\images\socal-fire_00000236_pre_disaster.png,G:\My Drive\KhoaLuan_Data\data\xBD\Tier3\tier3\tier3\images\woolsey-fire_00000779_pre_disaster.png
sha256_c2bbdf94b7328c0f,c2bbdf94b7328c0fa41210bbe39d2cc0bfe2a68bf3801f2db658bdfd6cdab199,pre,xbd_train_socal_fire_00000237,xbd_tier3_woolsey_fire_00000843,xbd_socal_fire,xbd_woolsey_fire,G:\My Drive\KhoaLuan_Data\data\xBD\train\images\socal-fire_00000237_pre_disaster.png,G:\My Drive\KhoaLuan_Data\data\xBD\Tier3\tier3\tier3\images\woolsey-fire_00000843_pre_disaster.png
sha256_4a4483882d1ea82c,4a4483882d1ea82cde97e397c6bc29e5c045cb8cc27a0e69e407495d1be21c03,pre,xbd_train_socal_fire_00000245,xbd_tier3_woolsey_fire_00000264,xbd_socal_fire,xbd_woolsey_fire,G:\My Drive\KhoaLuan_Data\data\xBD\train\images\socal-fire_00000245_pre_disaster.png,G:\My Drive\KhoaLuan_Data\data\xBD\Tier3\tier3\tier3\images\woolsey-fire_00000264_pre_disaster.png
sha256_76454c71ae7ac1a2,76454c71ae7ac1a2e74e7707f0305c9c0fc45c4ed1118e4439f695563ab67411,pre,xbd_train_socal_fire_00000247,xbd_tier3_woolsey_fire_00000297,xbd_socal_fire,xbd_woolsey_fire,G:\My Drive\KhoaLuan_Data\data\xBD\train\images\socal-fire_00000247_pre_disaster.png,G:\My Drive\KhoaLuan_Data\data\xBD\Tier3\tier3\tier3\images\woolsey-fire_00000297_pre_disaster.png
sha256_353eeeb17a006bbc,353eeeb17a006bbc414ade216791d1112d6f815fab18ddd9193aca3fffcd88f9,pre,xbd_train_socal_fire_00000249,xbd_tier3_woolsey_fire_00000251,xbd_socal_fire,xbd_woolsey_fire,G:\My Drive\KhoaLuan_Data\data\xBD\train\images\socal-fire_00000249_pre_disaster.png,G:\My Drive\KhoaLuan_Data\data\xBD\Tier3\tier3\tier3\images\woolsey-fire_00000251_pre_disaster.png
sha256_2cdc0867820468ef,2cdc0867820468ef557ff0744227f714c467233a7866d7203faba507706f2899,pre,xbd_train_socal_fire_00000248,xbd_tier3_woolsey_fire_00000849,xbd_socal_fire,xbd_woolsey_fire,G:\My Drive\KhoaLuan_Data\data\xBD\train\images\socal-fire_00000248_pre_disaster.png,G:\My Drive\KhoaLuan_Data\data\xBD\Tier3\tier3\tier3\images\woolsey-fire_00000849_pre_disaster.png
sha256_f6b96411ca03436e,f6b96411ca03436efa381bc0a966c06571b2531eb7b1a5f452d6032e84759648,pre,xbd_train_socal_fire_00000253,xbd_tier3_woolsey_fire_00000214,xbd_socal_fire,xbd_woolsey_fire,G:\My Drive\KhoaLuan_Data\data\xBD\train\images\socal-fire_00000253_pre_disaster.png,G:\My Drive\KhoaLuan_Data\data\xBD\Tier3\tier3\tier3\images\woolsey-fire_00000214_pre_disaster.png
sha256_9de01c3583abca5e,9de01c3583abca5e261c4da9ea1deae6cb00ae2f1a77abae3dc1b0547854988b,pre,xbd_train_socal_fire_00000259,xbd_tier3_woolsey_fire_00000432,xbd_socal_fire,xbd_woolsey_fire,G:\My Drive\KhoaLuan_Data\data\xBD\train\images\socal-fire_00000259_pre_disaster.png,G:\My Drive\KhoaLuan_Data\data\xBD\Tier3\tier3\tier3\images\woolsey-fire_00000432_pre_disaster.png
sha256_06b0a9c2b23744ec,06b0a9c2b23744ecc3adb39a4bf4b974c8b84e72176fa89ea6618f352940690b,pre,xbd_train_socal_fire_00000264,xbd_tier3_woolsey_fire_00000574,xbd_socal_fire,xbd_woolsey_fire,G:\My Drive\KhoaLuan_Data\data\xBD\train\images\socal-fire_00000264_pre_disaster.png,G:\My Drive\KhoaLuan_Data\data\xBD\Tier3\tier3\tier3\images\woolsey-fire_00000574_pre_disaster.png
sha256_4333c832b430ea22,4333c832b430ea2212ccfdbe0e20d1c26a9fee782960540f4cd2d3c3f421c570,pre,xbd_train_socal_fire_00000265,xbd_tier3_woolsey_fire_00000226,xbd_socal_fire,xbd_woolsey_fire,G:\My Drive\KhoaLuan_Data\data\xBD\train\images\socal-fire_00000265_pre_disaster.png,G:\My Drive\KhoaLuan_Data\data\xBD\Tier3\tier3\tier3\images\woolsey-fire_00000226_pre_disaster.png
sha256_9aae3896b6a7ba1e,9aae3896b6a7ba1eea21513c4c7b0ba39ef36b0ee0b524ef1d1acbc1f42e2801,pre,xbd_train_socal_fire_00000268,xbd_tier3_woolsey_fire_00000311,xbd_socal_fire,xbd_woolsey_fire,G:\My Drive\KhoaLuan_Data\data\xBD\train\images\socal-fire_00000268_pre_disaster.png,G:\My Drive\KhoaLuan_Data\data\xBD\Tier3\tier3\tier3\images\woolsey-fire_00000311_pre_disaster.png
sha256_14ab1c16fdf3023c,14ab1c16fdf3023ca4c01fdde3469c4a0654a89a8742cc34a7980a4ff233fe25,pre,xbd_train_socal_fire_00000269,xbd_tier3_woolsey_fire_00000228,xbd_socal_fire,xbd_woolsey_fire,G:\My Drive\KhoaLuan_Data\data\xBD\train\images\socal-fire_00000269_pre_disaster.png,G:\My Drive\KhoaLuan_Data\data\xBD\Tier3\tier3\tier3\images\woolsey-fire_00000228_pre_disaster.png
sha256_7e8abf5d670e7ca3,7e8abf5d670e7ca3c1a4dfcd77f69349c10d15a868abad8848150054a6576c8d,pre,xbd_train_socal_fire_00000270,xbd_tier3_woolsey_fire_00000868,xbd_socal_fire,xbd_woolsey_fire,G:\My Drive\KhoaLuan_Data\data\xBD\train\images\socal-fire_00000270_pre_disaster.png,G:\My Drive\KhoaLuan_Data\data\xBD\Tier3\tier3\tier3\images\woolsey-fire_00000868_pre_disaster.png
sha256_7586c2f70997a30f,7586c2f70997a30f9b48c36d8d360aaefadb8893855f1801a1f47ae3d1f83cc3,pre,xbd_train_socal_fire_00000266,xbd_tier3_woolsey_fire_00000846,xbd_socal_fire,xbd_woolsey_fire,G:\My Drive\KhoaLuan_Data\data\xBD\train\images\socal-fire_00000266_pre_disaster.png,G:\My Drive\KhoaLuan_Data\data\xBD\Tier3\tier3\tier3\images\woolsey-fire_00000846_pre_disaster.png
sha256_fd525fe6e16c84e8,fd525fe6e16c84e845714b99bf6e79ba3d164199e766ee1470af40b88b8ae3d9,pre,xbd_train_socal_fire_00000273,xbd_tier3_woolsey_fire_00000301,xbd_socal_fire,xbd_woolsey_fire,G:\My Drive\KhoaLuan_Data\data\xBD\train\images\socal-fire_00000273_pre_disaster.png,G:\My Drive\KhoaLuan_Data\data\xBD\Tier3\tier3\tier3\images\woolsey-fire_00000301_pre_disaster.png
sha256_7a172691330c5884,7a172691330c5884037eb2a2fedf76a634a57116553bad39080b4dd7b43e2911,pre,xbd_train_socal_fire_00000278,xbd_tier3_woolsey_fire_00000236,xbd_socal_fire,xbd_woolsey_fire,G:\My Drive\KhoaLuan_Data\data\xBD\train\images\socal-fire_00000278_pre_disaster.png,G:\My Drive\KhoaLuan_Data\data\xBD\Tier3\tier3\tier3\images\woolsey-fire_00000236_pre_disaster.png
sha256_41a6900005cb0cdf,41a6900005cb0cdf6850b993de5147775a0afaf3cec50a4079e2751f53b29f74,pre,xbd_train_socal_fire_00000279,xbd_tier3_woolsey_fire_00000324,xbd_socal_fire,xbd_woolsey_fire,G:\My Drive\KhoaLuan_Data\data\xBD\train\images\socal-fire_00000279_pre_disaster.png,G:\My Drive\KhoaLuan_Data\data\xBD\Tier3\tier3\tier3\images\woolsey-fire_00000324_pre_disaster.png
sha256_aa0f5215bf7e2c82,aa0f5215bf7e2c829eccb5c77016709c61262dc1a3f117bcf2c8b2a92704bf84,pre,xbd_train_socal_fire_00000282,xbd_tier3_woolsey_fire_00000870,xbd_socal_fire,xbd_woolsey_fire,G:\My Drive\KhoaLuan_Data\data\xBD\train\images\socal-fire_00000282_pre_disaster.png,G:\My Drive\KhoaLuan_Data\data\xBD\Tier3\tier3\tier3\images\woolsey-fire_00000870_pre_disaster.png
sha256_f1589cf8c89a33f1,f1589cf8c89a33f1aa348af8386f8aa488b936429ee03aff4d2ff2659f647c0c,pre,xbd_train_socal_fire_00000283,xbd_tier3_woolsey_fire_00000322,xbd_socal_fire,xbd_woolsey_fire,G:\My Drive\KhoaLuan_Data\data\xBD\train\images\socal-fire_00000283_pre_disaster.png,G:\My Drive\KhoaLuan_Data\data\xBD\Tier3\tier3\tier3\images\woolsey-fire_00000322_pre_disaster.png
sha256_dd844a58e1991638,dd844a58e19916380c37f27069b01f89d922c9a844ccbe042a7dd3781f4afd1e,pre,xbd_train_socal_fire_00000286,xbd_tier3_woolsey_fire_00000448,xbd_socal_fire,xbd_woolsey_fire,G:\My Drive\KhoaLuan_Data\data\xBD\train\images\socal-fire_00000286_pre_disaster.png,G:\My Drive\KhoaLuan_Data\data\xBD\Tier3\tier3\tier3\images\woolsey-fire_00000448_pre_disaster.png
sha256_157de6e9245d38db,157de6e9245d38db9a20cc24df23d8bdb9ee56e3f41f2475306fd7261189f5ba,pre,xbd_train_socal_fire_00000288,xbd_tier3_woolsey_fire_00000246,xbd_socal_fire,xbd_woolsey_fire,G:\My Drive\KhoaLuan_Data\data\xBD\train\images\socal-fire_00000288_pre_disaster.png,G:\My Drive\KhoaLuan_Data\data\xBD\Tier3\tier3\tier3\images\woolsey-fire_00000246_pre_disaster.png
sha256_a0c239d762457c2c,a0c239d762457c2c4ed4677cea28b32a65f3af09649e0abc0fc8d251a2820eb0,pre,xbd_train_socal_fire_00000290,xbd_tier3_woolsey_fire_00000244,xbd_socal_fire,xbd_woolsey_fire,G:\My Drive\KhoaLuan_Data\data\xBD\train\images\socal-fire_00000290_pre_disaster.png,G:\My Drive\KhoaLuan_Data\data\xBD\Tier3\tier3\tier3\images\woolsey-fire_00000244_pre_disaster.png
sha256_f01cc041db7594ce,f01cc041db7594ce0643b48264abae9fe4039921690c014f14b559d2713cf89e,pre,xbd_train_socal_fire_00000295,xbd_tier3_woolsey_fire_00000315,xbd_socal_fire,xbd_woolsey_fire,G:\My Drive\KhoaLuan_Data\data\xBD\train\images\socal-fire_00000295_pre_disaster.png,G:\My Drive\KhoaLuan_Data\data\xBD\Tier3\tier3\tier3\images\woolsey-fire_00000315_pre_disaster.png
sha256_9a4f58661d71589e,9a4f58661d71589ede82d813d80c206fecf64f3201091c4d17f75857b5b4e995,pre,xbd_train_socal_fire_00000297,xbd_tier3_woolsey_fire_00000872,xbd_socal_fire,xbd_woolsey_fire,G:\My Drive\KhoaLuan_Data\data\xBD\train\images\socal-fire_00000297_pre_disaster.png,G:\My Drive\KhoaLuan_Data\data\xBD\Tier3\tier3\tier3\images\woolsey-fire_00000872_pre_disaster.png
sha256_ddd9b89605641301,ddd9b896056413011a86a8efe9a244987b508c99b0f241cab6381a21a01996d0,pre,xbd_train_socal_fire_00000301,xbd_tier3_woolsey_fire_00000416,xbd_socal_fire,xbd_woolsey_fire,G:\My Drive\KhoaLuan_Data\data\xBD\train\images\socal-fire_00000301_pre_disaster.png,G:\My Drive\KhoaLuan_Data\data\xBD\Tier3\tier3\tier3\images\woolsey-fire_00000416_pre_disaster.png
sha256_34721e3cf6335290,34721e3cf63352902eb920c97f6a21aeb57f1932d0267d270b9502564777289b,pre,xbd_train_socal_fire_00000303,xbd_tier3_woolsey_fire_00000257,xbd_socal_fire,xbd_woolsey_fire,G:\My Drive\KhoaLuan_Data\data\xBD\train\images\socal-fire_00000303_pre_disaster.png,G:\My Drive\KhoaLuan_Data\data\xBD\Tier3\tier3\tier3\images\woolsey-fire_00000257_pre_disaster.png
sha256_c0a0c239cb762982,c0a0c239cb762982df8f2afd1a1e7f18d8767db852f40ba1cf90e0757856e744,pre,xbd_train_socal_fire_00000302,xbd_tier3_woolsey_fire_00000332,xbd_socal_fire,xbd_woolsey_fire,G:\My Drive\KhoaLuan_Data\data\xBD\train\images\socal-fire_00000302_pre_disaster.png,G:\My Drive\KhoaLuan_Data\data\xBD\Tier3\tier3\tier3\images\woolsey-fire_00000332_pre_disaster.png
sha256_87d9a72c6be6116a,87d9a72c6be6116a96d42b4e869e10e8d79eb608f3bf4cb14be43e07cd847c03,pre,xbd_train_socal_fire_00000306,xbd_tier3_woolsey_fire_00000360,xbd_socal_fire,xbd_woolsey_fire,G:\My Drive\KhoaLuan_Data\data\xBD\train\images\socal-fire_00000306_pre_disaster.png,G:\My Drive\KhoaLuan_Data\data\xBD\Tier3\tier3\tier3\images\woolsey-fire_00000360_pre_disaster.png
sha256_665d1e3a46c6cc17,665d1e3a46c6cc177405cd1bfbc724316d1c1c81cfbcb13b250bdcf500ac80ee,pre,xbd_train_socal_fire_00000312,xbd_tier3_woolsey_fire_00000472,xbd_socal_fire,xbd_woolsey_fire,G:\My Drive\KhoaLuan_Data\data\xBD\train\images\socal-fire_00000312_pre_disaster.png,G:\My Drive\KhoaLuan_Data\data\xBD\Tier3\tier3\tier3\images\woolsey-fire_00000472_pre_disaster.png
sha256_76abb7671b67b34e,76abb7671b67b34e2701c87d64440d71fcad605a47e6416a73674a203b50317d,pre,xbd_train_socal_fire_00000313,xbd_tier3_woolsey_fire_00000256,xbd_socal_fire,xbd_woolsey_fire,G:\My Drive\KhoaLuan_Data\data\xBD\train\images\socal-fire_00000313_pre_disaster.png,G:\My Drive\KhoaLuan_Data\data\xBD\Tier3\tier3\tier3\images\woolsey-fire_00000256_pre_disaster.png
sha256_28df7cb1d7409f96,28df7cb1d7409f96ad27be7a5acf6f49fa7861c40b14698e0b8073fd14243222,pre,xbd_train_socal_fire_00000322,xbd_tier3_woolsey_fire_00000876,xbd_socal_fire,xbd_woolsey_fire,G:\My Drive\KhoaLuan_Data\data\xBD\train\images\socal-fire_00000322_pre_disaster.png,G:\My Drive\KhoaLuan_Data\data\xBD\Tier3\tier3\tier3\images\woolsey-fire_00000876_pre_disaster.png
sha256_291b82654fa67dfa,291b82654fa67dfa501f0823bc87ceaea5249732d59fc3a6cae773ae7d48b306,pre,xbd_train_socal_fire_00000321,xbd_tier3_woolsey_fire_00000340,xbd_socal_fire,xbd_woolsey_fire,G:\My Drive\KhoaLuan_Data\data\xBD\train\images\socal-fire_00000321_pre_disaster.png,G:\My Drive\KhoaLuan_Data\data\xBD\Tier3\tier3\tier3\images\woolsey-fire_00000340_pre_disaster.png
sha256_4e802323c812ef9e,4e802323c812ef9ee32879f295fb7bd2df00f5a2e32c0e08cac71e94a12ef49a,pre,xbd_train_socal_fire_00000318,xbd_tier3_woolsey_fire_00000387,xbd_socal_fire,xbd_woolsey_fire,G:\My Drive\KhoaLuan_Data\data\xBD\train\images\socal-fire_00000318_pre_disaster.png,G:\My Drive\KhoaLuan_Data\data\xBD\Tier3\tier3\tier3\images\woolsey-fire_00000387_pre_disaster.png
sha256_cf96853ac0002780,cf96853ac000278053f3a31d3608ff78410e595c9a43e1cc93014e6b09388ab7,pre,xbd_train_socal_fire_00000327,xbd_tier3_woolsey_fire_00000285,xbd_socal_fire,xbd_woolsey_fire,G:\My Drive\KhoaLuan_Data\data\xBD\train\images\socal-fire_00000327_pre_disaster.png,G:\My Drive\KhoaLuan_Data\data\xBD\Tier3\tier3\tier3\images\woolsey-fire_00000285_pre_disaster.png
sha256_df1e4f1c89ef3d9f,df1e4f1c89ef3d9f055f29a0c6b1a305c43d65393d88e39d12f92e105384ebd2,pre,xbd_train_socal_fire_00000330,xbd_tier3_woolsey_fire_00000454,xbd_socal_fire,xbd_woolsey_fire,G:\My Drive\KhoaLuan_Data\data\xBD\train\images\socal-fire_00000330_pre_disaster.png,G:\My Drive\KhoaLuan_Data\data\xBD\Tier3\tier3\tier3\images\woolsey-fire_00000454_pre_disaster.png
sha256_e21497287c975647,e21497287c9756479a5ede3a05e1cccf91229356079fb351fb518b1e35fa490f,pre,xbd_train_socal_fire_00000331,xbd_tier3_woolsey_fire_00000859,xbd_socal_fire,xbd_woolsey_fire,G:\My Drive\KhoaLuan_Data\data\xBD\train\images\socal-fire_00000331_pre_disaster.png,G:\My Drive\KhoaLuan_Data\data\xBD\Tier3\tier3\tier3\images\woolsey-fire_00000859_pre_disaster.png
sha256_a4b640623a66c120,a4b640623a66c120510cf673c027a49dc505d07c4de1f4360321f3dcf5d5e0fb,pre,xbd_train_socal_fire_00000332,xbd_tier3_woolsey_fire_00000443,xbd_socal_fire,xbd_woolsey_fire,G:\My Drive\KhoaLuan_Data\data\xBD\train\images\socal-fire_00000332_pre_disaster.png,G:\My Drive\KhoaLuan_Data\data\xBD\Tier3\tier3\tier3\images\woolsey-fire_00000443_pre_disaster.png
sha256_e51b6ba876f0e2c5,e51b6ba876f0e2c5ca5b83be7fb4fa3310e30f8060c691f32b4434682a55e69c,pre,xbd_train_socal_fire_00000333,xbd_tier3_woolsey_fire_00000276,xbd_socal_fire,xbd_woolsey_fire,G:\My Drive\KhoaLuan_Data\data\xBD\train\images\socal-fire_00000333_pre_disaster.png,G:\My Drive\KhoaLuan_Data\data\xBD\Tier3\tier3\tier3\images\woolsey-fire_00000276_pre_disaster.png
sha256_509e3e7cda472b05,509e3e7cda472b0560e6bcf49188aaf4fe8acd83a1bb048547eeb26780920cd0,pre,xbd_train_socal_fire_00000334,xbd_tier3_woolsey_fire_00000504,xbd_socal_fire,xbd_woolsey_fire,G:\My Drive\KhoaLuan_Data\data\xBD\train\images\socal-fire_00000334_pre_disaster.png,G:\My Drive\KhoaLuan_Data\data\xBD\Tier3\tier3\tier3\images\woolsey-fire_00000504_pre_disaster.png
sha256_a322143d5969264f,a322143d5969264f575df77fe6a1aaa940b3a41d96e11001c8c51d46155d45cc,pre,xbd_train_socal_fire_00000335,xbd_tier3_woolsey_fire_00000354,xbd_socal_fire,xbd_woolsey_fire,G:\My Drive\KhoaLuan_Data\data\xBD\train\images\socal-fire_00000335_pre_disaster.png,G:\My Drive\KhoaLuan_Data\data\xBD\Tier3\tier3\tier3\images\woolsey-fire_00000354_pre_disaster.png
sha256_0db17bcd82ee82ea,0db17bcd82ee82ead5a3fb9fe4dff2aef05ff6d509b6868849fd2977cc0193ed,pre,xbd_train_socal_fire_00000339,xbd_tier3_woolsey_fire_00000412,xbd_socal_fire,xbd_woolsey_fire,G:\My Drive\KhoaLuan_Data\data\xBD\train\images\socal-fire_00000339_pre_disaster.png,G:\My Drive\KhoaLuan_Data\data\xBD\Tier3\tier3\tier3\images\woolsey-fire_00000412_pre_disaster.png
sha256_212153b0983feac7,212153b0983feac75aae3f6e33f0988c83a4d18ae6462297888cd82b00a52bec,pre,xbd_train_socal_fire_00000340,xbd_tier3_woolsey_fire_00000512,xbd_socal_fire,xbd_woolsey_fire,G:\My Drive\KhoaLuan_Data\data\xBD\train\images\socal-fire_00000340_pre_disaster.png,G:\My Drive\KhoaLuan_Data\data\xBD\Tier3\tier3\tier3\images\woolsey-fire_00000512_pre_disaster.png
sha256_8703c5e7f74be738,8703c5e7f74be738c9cf03de143e8737a4acdf001ddd70fc0c501ef62abd87ff,pre,xbd_train_socal_fire_00000341,xbd_tier3_woolsey_fire_00000452,xbd_socal_fire,xbd_woolsey_fire,G:\My Drive\KhoaLuan_Data\data\xBD\train\images\socal-fire_00000341_pre_disaster.png,G:\My Drive\KhoaLuan_Data\data\xBD\Tier3\tier3\tier3\images\woolsey-fire_00000452_pre_disaster.png
sha256_f37c0a44cede300e,f37c0a44cede300efcbfb24e066c397923fc51c6995de76504a2db7bc64f5290,pre,xbd_train_socal_fire_00000336,xbd_tier3_woolsey_fire_00000299,xbd_socal_fire,xbd_woolsey_fire,G:\My Drive\KhoaLuan_Data\data\xBD\train\images\socal-fire_00000336_pre_disaster.png,G:\My Drive\KhoaLuan_Data\data\xBD\Tier3\tier3\tier3\images\woolsey-fire_00000299_pre_disaster.png
sha256_4892c663fa89f06d,4892c663fa89f06d962dc2be1c194e2c6d9a9afcadc550939cbfd2f10346711a,pre,xbd_train_socal_fire_00000343,xbd_tier3_woolsey_fire_00000348,xbd_socal_fire,xbd_woolsey_fire,G:\My Drive\KhoaLuan_Data\data\xBD\train\images\socal-fire_00000343_pre_disaster.png,G:\My Drive\KhoaLuan_Data\data\xBD\Tier3\tier3\tier3\images\woolsey-fire_00000348_pre_disaster.png
sha256_808b051d06bf98d9,808b051d06bf98d9f730b1fa61a5d1b1cc5dcc7dc2207b6efe3bff34a4131b2f,pre,xbd_train_socal_fire_00000346,xbd_tier3_woolsey_fire_00000317,xbd_socal_fire,xbd_woolsey_fire,G:\My Drive\KhoaLuan_Data\data\xBD\train\images\socal-fire_00000346_pre_disaster.png,G:\My Drive\KhoaLuan_Data\data\xBD\Tier3\tier3\tier3\images\woolsey-fire_00000317_pre_disaster.png
sha256_9b230bac6e1ea482,9b230bac6e1ea482a5b479abc7d9618df8f3c2ef3c78e4226562693000e32076,pre,xbd_train_socal_fire_00000349,xbd_tier3_woolsey_fire_00000368,xbd_socal_fire,xbd_woolsey_fire,G:\My Drive\KhoaLuan_Data\data\xBD\train\images\socal-fire_00000349_pre_disaster.png,G:\My Drive\KhoaLuan_Data\data\xBD\Tier3\tier3\tier3\images\woolsey-fire_00000368_pre_disaster.png
sha256_546b5d3c93cd8203,546b5d3c93cd8203b07d3ad97eee035888570d80b26c19f5f4a59c71cffc1386,pre,xbd_train_socal_fire_00000348,xbd_tier3_woolsey_fire_00000475,xbd_socal_fire,xbd_woolsey_fire,G:\My Drive\KhoaLuan_Data\data\xBD\train\images\socal-fire_00000348_pre_disaster.png,G:\My Drive\KhoaLuan_Data\data\xBD\Tier3\tier3\tier3\images\woolsey-fire_00000475_pre_disaster.png
sha256_a04b2ed597ba7223,a04b2ed597ba722329b9d5bc86529be8c18afd771d1addf4294f94d412420ddb,pre,xbd_train_socal_fire_00000353,xbd_tier3_woolsey_fire_00000453,xbd_socal_fire,xbd_woolsey_fire,G:\My Drive\KhoaLuan_Data\data\xBD\train\images\socal-fire_00000353_pre_disaster.png,G:\My Drive\KhoaLuan_Data\data\xBD\Tier3\tier3\tier3\images\woolsey-fire_00000453_pre_disaster.png
sha256_89f9d4d43ed5bd21,89f9d4d43ed5bd2192fd068e366d1603603dc87ee866e0ae6086666ee208897b,pre,xbd_train_socal_fire_00000354,xbd_tier3_woolsey_fire_00000328,xbd_socal_fire,xbd_woolsey_fire,G:\My Drive\KhoaLuan_Data\data\xBD\train\images\socal-fire_00000354_pre_disaster.png,G:\My Drive\KhoaLuan_Data\data\xBD\Tier3\tier3\tier3\images\woolsey-fire_00000328_pre_disaster.png
sha256_23cf9f01f0198466,23cf9f01f01984667bb7fef7800b7c6b73c700dbe69ecc71acb809b2c16940b5,pre,xbd_train_socal_fire_00000352,xbd_tier3_woolsey_fire_00000363,xbd_socal_fire,xbd_woolsey_fire,G:\My Drive\KhoaLuan_Data\data\xBD\train\images\socal-fire_00000352_pre_disaster.png,G:\My Drive\KhoaLuan_Data\data\xBD\Tier3\tier3\tier3\images\woolsey-fire_00000363_pre_disaster.png
sha256_fe9759505f91e1c8,fe9759505f91e1c8dd16089920e8a5a71a4e0f1adefa59bb26e837306f0f2b47,pre,xbd_train_socal_fire_00000357,xbd_tier3_woolsey_fire_00000863,xbd_socal_fire,xbd_woolsey_fire,G:\My Drive\KhoaLuan_Data\data\xBD\train\images\socal-fire_00000357_pre_disaster.png,G:\My Drive\KhoaLuan_Data\data\xBD\Tier3\tier3\tier3\images\woolsey-fire_00000863_pre_disaster.png
sha256_342c1cddcd6cc776,342c1cddcd6cc7761160c9c5a832612eddf6e07f4c14fad89b394e5e7de69bee,pre,xbd_train_socal_fire_00000360,xbd_tier3_woolsey_fire_00000307,xbd_socal_fire,xbd_woolsey_fire,G:\My Drive\KhoaLuan_Data\data\xBD\train\images\socal-fire_00000360_pre_disaster.png,G:\My Drive\KhoaLuan_Data\data\xBD\Tier3\tier3\tier3\images\woolsey-fire_00000307_pre_disaster.png
sha256_ca25327a21b347fc,ca25327a21b347fcb7ece129608a8e7696fb50a5355077c2ab97cd6a3e94ba6e,pre,xbd_train_socal_fire_00000358,xbd_tier3_woolsey_fire_00000474,xbd_socal_fire,xbd_woolsey_fire,G:\My Drive\KhoaLuan_Data\data\xBD\train\images\socal-fire_00000358_pre_disaster.png,G:\My Drive\KhoaLuan_Data\data\xBD\Tier3\tier3\tier3\images\woolsey-fire_00000474_pre_disaster.png
sha256_b272ae64647c6c00,b272ae64647c6c00cf92f156c12514dd3093928d72478ba97765653aff736a8e,pre,xbd_train_socal_fire_00000361,xbd_tier3_woolsey_fire_00000478,xbd_socal_fire,xbd_woolsey_fire,G:\My Drive\KhoaLuan_Data\data\xBD\train\images\socal-fire_00000361_pre_disaster.png,G:\My Drive\KhoaLuan_Data\data\xBD\Tier3\tier3\tier3\images\woolsey-fire_00000478_pre_disaster.png
sha256_d32af185031578fb,d32af185031578fbd3c69160e3c3d19b636dcdf0344a40c971b7c10a0cce078c,pre,xbd_train_socal_fire_00000363,xbd_tier3_woolsey_fire_00000339,xbd_socal_fire,xbd_woolsey_fire,G:\My Drive\KhoaLuan_Data\data\xBD\train\images\socal-fire_00000363_pre_disaster.png,G:\My Drive\KhoaLuan_Data\data\xBD\Tier3\tier3\tier3\images\woolsey-fire_00000339_pre_disaster.png
sha256_79618f4c93270f8a,79618f4c93270f8a63f5d0021a167ad6a786de918b486de57464c3511f1b3b54,pre,xbd_train_socal_fire_00000367,xbd_tier3_woolsey_fire_00000013,xbd_socal_fire,xbd_woolsey_fire,G:\My Drive\KhoaLuan_Data\data\xBD\train\images\socal-fire_00000367_pre_disaster.png,G:\My Drive\KhoaLuan_Data\data\xBD\Tier3\tier3\tier3\images\woolsey-fire_00000013_pre_disaster.png
sha256_41876c9bdcac611f,41876c9bdcac611fca5ea72c44c5e7053e5c3e29b5ac899e3e23b9bbfb7e2323,pre,xbd_train_socal_fire_00000364,xbd_tier3_woolsey_fire_00000495,xbd_socal_fire,xbd_woolsey_fire,G:\My Drive\KhoaLuan_Data\data\xBD\train\images\socal-fire_00000364_pre_disaster.png,G:\My Drive\KhoaLuan_Data\data\xBD\Tier3\tier3\tier3\images\woolsey-fire_00000495_pre_disaster.png
sha256_12d6b4515f2a777d,12d6b4515f2a777d350de22b318ae8937ecd3a6d5ef60567282e8d2f7ec47784,pre,xbd_train_socal_fire_00000369,xbd_tier3_woolsey_fire_00000313,xbd_socal_fire,xbd_woolsey_fire,G:\My Drive\KhoaLuan_Data\data\xBD\train\images\socal-fire_00000369_pre_disaster.png,G:\My Drive\KhoaLuan_Data\data\xBD\Tier3\tier3\tier3\images\woolsey-fire_00000313_pre_disaster.png
sha256_7914d851818cf286,7914d851818cf286a78b447ef8d457970b73fcebef3e0ef5e56d91a3138b734b,pre,xbd_train_socal_fire_00000370,xbd_tier3_woolsey_fire_00000494,xbd_socal_fire,xbd_woolsey_fire,G:\My Drive\KhoaLuan_Data\data\xBD\train\images\socal-fire_00000370_pre_disaster.png,G:\My Drive\KhoaLuan_Data\data\xBD\Tier3\tier3\tier3\images\woolsey-fire_00000494_pre_disaster.png
sha256_64e462ead46f2ce6,64e462ead46f2ce6afc09c2adf0b6284a609785db854ce9df497e728fa6efb06,pre,xbd_train_socal_fire_00000372,xbd_tier3_woolsey_fire_00000502,xbd_socal_fire,xbd_woolsey_fire,G:\My Drive\KhoaLuan_Data\data\xBD\train\images\socal-fire_00000372_pre_disaster.png,G:\My Drive\KhoaLuan_Data\data\xBD\Tier3\tier3\tier3\images\woolsey-fire_00000502_pre_disaster.png
sha256_4bf1ba1b01378fe6,4bf1ba1b01378fe666d68ff100a768e4d3d5f946d39b5c00a3f76956ddf5796d,pre,xbd_train_socal_fire_00000371,xbd_tier3_woolsey_fire_00000358,xbd_socal_fire,xbd_woolsey_fire,G:\My Drive\KhoaLuan_Data\data\xBD\train\images\socal-fire_00000371_pre_disaster.png,G:\My Drive\KhoaLuan_Data\data\xBD\Tier3\tier3\tier3\images\woolsey-fire_00000358_pre_disaster.png
sha256_e812c436f37b36de,e812c436f37b36de41bd33b32f57708fedeacc5155d1b0513ebdfcfda7f12866,pre,xbd_train_socal_fire_00000373,xbd_tier3_woolsey_fire_00000408,xbd_socal_fire,xbd_woolsey_fire,G:\My Drive\KhoaLuan_Data\data\xBD\train\images\socal-fire_00000373_pre_disaster.png,G:\My Drive\KhoaLuan_Data\data\xBD\Tier3\tier3\tier3\images\woolsey-fire_00000408_pre_disaster.png
sha256_b94eec4eb5b19865,b94eec4eb5b198651f2416244c0772387b0919c61d2167f8dd2f7cc78cf5e27c,pre,xbd_train_socal_fire_00000374,xbd_tier3_woolsey_fire_00000396,xbd_socal_fire,xbd_woolsey_fire,G:\My Drive\KhoaLuan_Data\data\xBD\train\images\socal-fire_00000374_pre_disaster.png,G:\My Drive\KhoaLuan_Data\data\xBD\Tier3\tier3\tier3\images\woolsey-fire_00000396_pre_disaster.png
sha256_304f24a04fd5a485,304f24a04fd5a485aefa7f010ab1949adb6bc14e096d1810b62df6b043df675f,pre,xbd_train_socal_fire_00000376,xbd_tier3_woolsey_fire_00000499,xbd_socal_fire,xbd_woolsey_fire,G:\My Drive\KhoaLuan_Data\data\xBD\train\images\socal-fire_00000376_pre_disaster.png,G:\My Drive\KhoaLuan_Data\data\xBD\Tier3\tier3\tier3\images\woolsey-fire_00000499_pre_disaster.png
sha256_c1e05627717012bd,c1e05627717012bdaeb67adc04586e46c7a1029b98036b2ad469a2d88e0e0dd2,pre,xbd_train_socal_fire_00000377,xbd_tier3_woolsey_fire_00000022,xbd_socal_fire,xbd_woolsey_fire,G:\My Drive\KhoaLuan_Data\data\xBD\train\images\socal-fire_00000377_pre_disaster.png,G:\My Drive\KhoaLuan_Data\data\xBD\Tier3\tier3\tier3\images\woolsey-fire_00000022_pre_disaster.png
sha256_60a157c7aaa9c13d,60a157c7aaa9c13da18d7d517d902ef70bb0da205f991382d07ad7b1870ad98e,pre,xbd_train_socal_fire_00000383,xbd_tier3_woolsey_fire_00000508,xbd_socal_fire,xbd_woolsey_fire,G:\My Drive\KhoaLuan_Data\data\xBD\train\images\socal-fire_00000383_pre_disaster.png,G:\My Drive\KhoaLuan_Data\data\xBD\Tier3\tier3\tier3\images\woolsey-fire_00000508_pre_disaster.png
sha256_1a081dcf3a0aa0e8,1a081dcf3a0aa0e8daaa9a5261b51807b9e1d85fa7d2efd237f686ef8c706aef,pre,xbd_train_socal_fire_00000378,xbd_tier3_woolsey_fire_00000326,xbd_socal_fire,xbd_woolsey_fire,G:\My Drive\KhoaLuan_Data\data\xBD\train\images\socal-fire_00000378_pre_disaster.png,G:\My Drive\KhoaLuan_Data\data\xBD\Tier3\tier3\tier3\images\woolsey-fire_00000326_pre_disaster.png
sha256_d0d5904f428bc351,d0d5904f428bc351c573eaab1f70d69832f222d21da5b84e5df2075ad7a98cad,pre,xbd_train_socal_fire_00000384,xbd_tier3_woolsey_fire_00000043,xbd_socal_fire,xbd_woolsey_fire,G:\My Drive\KhoaLuan_Data\data\xBD\train\images\socal-fire_00000384_pre_disaster.png,G:\My Drive\KhoaLuan_Data\data\xBD\Tier3\tier3\tier3\images\woolsey-fire_00000043_pre_disaster.png
sha256_a4c963eb40898f60,a4c963eb40898f602bf88f099b2a215211405a666c9106920f281cb8abd5bd97,pre,xbd_train_socal_fire_00000385,xbd_tier3_woolsey_fire_00000407,xbd_socal_fire,xbd_woolsey_fire,G:\My Drive\KhoaLuan_Data\data\xBD\train\images\socal-fire_00000385_pre_disaster.png,G:\My Drive\KhoaLuan_Data\data\xBD\Tier3\tier3\tier3\images\woolsey-fire_00000407_pre_disaster.png
sha256_d325dfe7537ef91b,d325dfe7537ef91baac7bd5dbdbfd9db859da3385d18c8d4678f18e209c70b15,pre,xbd_train_socal_fire_00000386,xbd_tier3_woolsey_fire_00000519,xbd_socal_fire,xbd_woolsey_fire,G:\My Drive\KhoaLuan_Data\data\xBD\train\images\socal-fire_00000386_pre_disaster.png,G:\My Drive\KhoaLuan_Data\data\xBD\Tier3\tier3\tier3\images\woolsey-fire_00000519_pre_disaster.png
sha256_ff1b34f048fc44ba,ff1b34f048fc44bace798b46383494f307729f5d9ad0acf3095ad485676e535f,pre,xbd_train_socal_fire_00000387,xbd_tier3_woolsey_fire_00000030,xbd_socal_fire,xbd_woolsey_fire,G:\My Drive\KhoaLuan_Data\data\xBD\train\images\socal-fire_00000387_pre_disaster.png,G:\My Drive\KhoaLuan_Data\data\xBD\Tier3\tier3\tier3\images\woolsey-fire_00000030_pre_disaster.png
sha256_26879ec772c705eb,26879ec772c705eb76d50beb090a012fe0b02061a85de7106fbda516907f34de,pre,xbd_train_socal_fire_00000388,xbd_tier3_woolsey_fire_00000334,xbd_socal_fire,xbd_woolsey_fire,G:\My Drive\KhoaLuan_Data\data\xBD\train\images\socal-fire_00000388_pre_disaster.png,G:\My Drive\KhoaLuan_Data\data\xBD\Tier3\tier3\tier3\images\woolsey-fire_00000334_pre_disaster.png
sha256_848000a308179ed2,848000a308179ed2ad805fa09b13bbafd095196d4f534f7937957e1d83da2c57,pre,xbd_train_socal_fire_00000389,xbd_tier3_woolsey_fire_00000518,xbd_socal_fire,xbd_woolsey_fire,G:\My Drive\KhoaLuan_Data\data\xBD\train\images\socal-fire_00000389_pre_disaster.png,G:\My Drive\KhoaLuan_Data\data\xBD\Tier3\tier3\tier3\images\woolsey-fire_00000518_pre_disaster.png
sha256_bbfe7429a9ab19ae,bbfe7429a9ab19ae37dc139d3e897fcc5b174febfb499781833e017b3598ead2,pre,xbd_train_socal_fire_00000391,xbd_tier3_woolsey_fire_00000039,xbd_socal_fire,xbd_woolsey_fire,G:\My Drive\KhoaLuan_Data\data\xBD\train\images\socal-fire_00000391_pre_disaster.png,G:\My Drive\KhoaLuan_Data\data\xBD\Tier3\tier3\tier3\images\woolsey-fire_00000039_pre_disaster.png
sha256_e13ace1a041f02a5,e13ace1a041f02a5b3bddde4f1c7d8a63794130d31d45f1824db7b4e8633c03d,pre,xbd_train_socal_fire_00000397,xbd_tier3_woolsey_fire_00000338,xbd_socal_fire,xbd_woolsey_fire,G:\My Drive\KhoaLuan_Data\data\xBD\train\images\socal-fire_00000397_pre_disaster.png,G:\My Drive\KhoaLuan_Data\data\xBD\Tier3\tier3\tier3\images\woolsey-fire_00000338_pre_disaster.png
sha256_b27e8df6e89e84db,b27e8df6e89e84dbb067d5d31fb4956237e1cd235669da8c9482e68ab87a0132,pre,xbd_train_socal_fire_00000392,xbd_tier3_woolsey_fire_00000455,xbd_socal_fire,xbd_woolsey_fire,G:\My Drive\KhoaLuan_Data\data\xBD\train\images\socal-fire_00000392_pre_disaster.png,G:\My Drive\KhoaLuan_Data\data\xBD\Tier3\tier3\tier3\images\woolsey-fire_00000455_pre_disaster.png
sha256_d0e625bd6081e528,d0e625bd6081e528e5f60964fa9a839335dd17e9e16c93781b314da41aa69035,pre,xbd_train_socal_fire_00000400,xbd_tier3_woolsey_fire_00000397,xbd_socal_fire,xbd_woolsey_fire,G:\My Drive\KhoaLuan_Data\data\xBD\train\images\socal-fire_00000400_pre_disaster.png,G:\My Drive\KhoaLuan_Data\data\xBD\Tier3\tier3\tier3\images\woolsey-fire_00000397_pre_disaster.png
sha256_48fbde6a81eba534,48fbde6a81eba534ad7a0aeea964806945875459bb82c6756fe4b66be2ad7af0,pre,xbd_train_socal_fire_00000399,xbd_tier3_woolsey_fire_00000529,xbd_socal_fire,xbd_woolsey_fire,G:\My Drive\KhoaLuan_Data\data\xBD\train\images\socal-fire_00000399_pre_disaster.png,G:\My Drive\KhoaLuan_Data\data\xBD\Tier3\tier3\tier3\images\woolsey-fire_00000529_pre_disaster.png
sha256_deb7815f9dd400a4,deb7815f9dd400a41a1226205cca7848661056f94401e80b80bdc9b29129621c,pre,xbd_train_socal_fire_00000402,xbd_tier3_woolsey_fire_00000053,xbd_socal_fire,xbd_woolsey_fire,G:\My Drive\KhoaLuan_Data\data\xBD\train\images\socal-fire_00000402_pre_disaster.png,G:\My Drive\KhoaLuan_Data\data\xBD\Tier3\tier3\tier3\images\woolsey-fire_00000053_pre_disaster.png
sha256_cff01e00ae2b96c8,cff01e00ae2b96c824158df03675ae142a7f15075ef30f8d71e274053b030c3a,pre,xbd_train_socal_fire_00000401,xbd_tier3_woolsey_fire_00000418,xbd_socal_fire,xbd_woolsey_fire,G:\My Drive\KhoaLuan_Data\data\xBD\train\images\socal-fire_00000401_pre_disaster.png,G:\My Drive\KhoaLuan_Data\data\xBD\Tier3\tier3\tier3\images\woolsey-fire_00000418_pre_disaster.png
sha256_11cc8515f1ac9498,11cc8515f1ac9498680073568f920f9085639c8c565e3fd7c0f3664195289bf9,pre,xbd_train_socal_fire_00000403,xbd_tier3_woolsey_fire_00000528,xbd_socal_fire,xbd_woolsey_fire,G:\My Drive\KhoaLuan_Data\data\xBD\train\images\socal-fire_00000403_pre_disaster.png,G:\My Drive\KhoaLuan_Data\data\xBD\Tier3\tier3\tier3\images\woolsey-fire_00000528_pre_disaster.png
sha256_8a3e5dcfd7ce9a09,8a3e5dcfd7ce9a09df925887f525a66e82e942fb485ec764c915473b090b3a0c,pre,xbd_train_socal_fire_00000405,xbd_tier3_woolsey_fire_00000351,xbd_socal_fire,xbd_woolsey_fire,G:\My Drive\KhoaLuan_Data\data\xBD\train\images\socal-fire_00000405_pre_disaster.png,G:\My Drive\KhoaLuan_Data\data\xBD\Tier3\tier3\tier3\images\woolsey-fire_00000351_pre_disaster.png
sha256_da4355c28963879f,da4355c28963879f6d064faa8cc497d061a2e57bcedafb037a2a3d17e989e402,pre,xbd_train_socal_fire_00000408,xbd_tier3_woolsey_fire_00000560,xbd_socal_fire,xbd_woolsey_fire,G:\My Drive\KhoaLuan_Data\data\xBD\train\images\socal-fire_00000408_pre_disaster.png,G:\My Drive\KhoaLuan_Data\data\xBD\Tier3\tier3\tier3\images\woolsey-fire_00000560_pre_disaster.png
sha256_cdb3a5df057124fd,cdb3a5df057124fd633bf914a40f180bde905ad8f964276a191f8dc517b51845,pre,xbd_train_socal_fire_00000410,xbd_tier3_woolsey_fire_00000069,xbd_socal_fire,xbd_woolsey_fire,G:\My Drive\KhoaLuan_Data\data\xBD\train\images\socal-fire_00000410_pre_disaster.png,G:\My Drive\KhoaLuan_Data\data\xBD\Tier3\tier3\tier3\images\woolsey-fire_00000069_pre_disaster.png
sha256_d424f0f83bffc7af,d424f0f83bffc7aff17c0d138ae689232acfc915d1735e928842ac675de24569,pre,xbd_train_socal_fire_00000409,xbd_tier3_woolsey_fire_00000871,xbd_socal_fire,xbd_woolsey_fire,G:\My Drive\KhoaLuan_Data\data\xBD\train\images\socal-fire_00000409_pre_disaster.png,G:\My Drive\KhoaLuan_Data\data\xBD\Tier3\tier3\tier3\images\woolsey-fire_00000871_pre_disaster.png
sha256_a4d136f204fe8ab2,a4d136f204fe8ab2c9d3119fc370043173c84feb87acbe2a3bfd3e07f72e070a,pre,xbd_train_socal_fire_00000411,xbd_tier3_woolsey_fire_00000534,xbd_socal_fire,xbd_woolsey_fire,G:\My Drive\KhoaLuan_Data\data\xBD\train\images\socal-fire_00000411_pre_disaster.png,G:\My Drive\KhoaLuan_Data\data\xBD\Tier3\tier3\tier3\images\woolsey-fire_00000534_pre_disaster.png
sha256_f9872a8ed791c599,f9872a8ed791c59913a31410ffa22c405a6b13f63932d2224b43d91ce4c16ea4,pre,xbd_train_socal_fire_00000412,xbd_tier3_woolsey_fire_00000430,xbd_socal_fire,xbd_woolsey_fire,G:\My Drive\KhoaLuan_Data\data\xBD\train\images\socal-fire_00000412_pre_disaster.png,G:\My Drive\KhoaLuan_Data\data\xBD\Tier3\tier3\tier3\images\woolsey-fire_00000430_pre_disaster.png
sha256_e7114f580490cb08,e7114f580490cb084e3d8e5f1d09b8e8224e653ef1fb505df4b1486ff3a58c47,pre,xbd_train_socal_fire_00000415,xbd_tier3_woolsey_fire_00000362,xbd_socal_fire,xbd_woolsey_fire,G:\My Drive\KhoaLuan_Data\data\xBD\train\images\socal-fire_00000415_pre_disaster.png,G:\My Drive\KhoaLuan_Data\data\xBD\Tier3\tier3\tier3\images\woolsey-fire_00000362_pre_disaster.png
sha256_3ccd5114262c92a1,3ccd5114262c92a1ee8e92b01632c49b91303115a43e35eab62e0eb882330f69,pre,xbd_train_socal_fire_00000417,xbd_tier3_woolsey_fire_00000573,xbd_socal_fire,xbd_woolsey_fire,G:\My Drive\KhoaLuan_Data\data\xBD\train\images\socal-fire_00000417_pre_disaster.png,G:\My Drive\KhoaLuan_Data\data\xBD\Tier3\tier3\tier3\images\woolsey-fire_00000573_pre_disaster.png
sha256_5f55b67a4d0a0570,5f55b67a4d0a0570eee07a07583b1d32001ec8aa23e3d0e643c173f11b010361,pre,xbd_train_socal_fire_00000420,xbd_tier3_woolsey_fire_00000080,xbd_socal_fire,xbd_woolsey_fire,G:\My Drive\KhoaLuan_Data\data\xBD\train\images\socal-fire_00000420_pre_disaster.png,G:\My Drive\KhoaLuan_Data\data\xBD\Tier3\tier3\tier3\images\woolsey-fire_00000080_pre_disaster.png
sha256_9348becee3d36c9d,9348becee3d36c9da7e8743a99bed1aa120a5a3848848c95b473273dc08ab6b0,pre,xbd_train_socal_fire_00000421,xbd_tier3_woolsey_fire_00000873,xbd_socal_fire,xbd_woolsey_fire,G:\My Drive\KhoaLuan_Data\data\xBD\train\images\socal-fire_00000421_pre_disaster.png,G:\My Drive\KhoaLuan_Data\data\xBD\Tier3\tier3\tier3\images\woolsey-fire_00000873_pre_disaster.png
sha256_8ac70d1226d9a2b9,8ac70d1226d9a2b9382a3768c262d290d57e24993142eab2072f203676a17fcb,pre,xbd_train_socal_fire_00000423,xbd_tier3_woolsey_fire_00000442,xbd_socal_fire,xbd_woolsey_fire,G:\My Drive\KhoaLuan_Data\data\xBD\train\images\socal-fire_00000423_pre_disaster.png,G:\My Drive\KhoaLuan_Data\data\xBD\Tier3\tier3\tier3\images\woolsey-fire_00000442_pre_disaster.png
sha256_3bf6803da7e67ad8,3bf6803da7e67ad80d8aaba1409bd21b10dc21298a6a92593d1ba17d89ce58c0,pre,xbd_train_socal_fire_00000422,xbd_tier3_woolsey_fire_00000548,xbd_socal_fire,xbd_woolsey_fire,G:\My Drive\KhoaLuan_Data\data\xBD\train\images\socal-fire_00000422_pre_disaster.png,G:\My Drive\KhoaLuan_Data\data\xBD\Tier3\tier3\tier3\images\woolsey-fire_00000548_pre_disaster.png
sha256_30c06c5471944e29,30c06c5471944e29333dabf41f050d5d140629f398e7780c2142b620f64a36b4,pre,xbd_train_socal_fire_00000427,xbd_tier3_woolsey_fire_00000433,xbd_socal_fire,xbd_woolsey_fire,G:\My Drive\KhoaLuan_Data\data\xBD\train\images\socal-fire_00000427_pre_disaster.png,G:\My Drive\KhoaLuan_Data\data\xBD\Tier3\tier3\tier3\images\woolsey-fire_00000433_pre_disaster.png
sha256_d814d1557df11c3e,d814d1557df11c3eb688f89929a2faaf92d210faad9a414a6cc1f55c10fbae3a,pre,xbd_train_socal_fire_00000429,xbd_tier3_woolsey_fire_00000134,xbd_socal_fire,xbd_woolsey_fire,G:\My Drive\KhoaLuan_Data\data\xBD\train\images\socal-fire_00000429_pre_disaster.png,G:\My Drive\KhoaLuan_Data\data\xBD\Tier3\tier3\tier3\images\woolsey-fire_00000134_pre_disaster.png
sha256_1f03daee2f5e1207,1f03daee2f5e1207c5e01c61e5343c010498f241ec9a8a40e3c156a9b6e6d141,pre,xbd_train_socal_fire_00000430,xbd_tier3_woolsey_fire_00000091,xbd_socal_fire,xbd_woolsey_fire,G:\My Drive\KhoaLuan_Data\data\xBD\train\images\socal-fire_00000430_pre_disaster.png,G:\My Drive\KhoaLuan_Data\data\xBD\Tier3\tier3\tier3\images\woolsey-fire_00000091_pre_disaster.png
sha256_41a22773f1b6d2fa,41a22773f1b6d2fa0aea885cc9db7164f8e26b31ab0e0249f7d60ccfb21516ef,pre,xbd_train_socal_fire_00000433,xbd_tier3_woolsey_fire_00000524,xbd_socal_fire,xbd_woolsey_fire,G:\My Drive\KhoaLuan_Data\data\xBD\train\images\socal-fire_00000433_pre_disaster.png,G:\My Drive\KhoaLuan_Data\data\xBD\Tier3\tier3\tier3\images\woolsey-fire_00000524_pre_disaster.png
sha256_0ae719ca3a4dde67,0ae719ca3a4dde675aa20c2cab6d2debdffbb24f6ba2e32ab6df29f733612e3c,pre,xbd_train_socal_fire_00000434,xbd_tier3_woolsey_fire_00000605,xbd_socal_fire,xbd_woolsey_fire,G:\My Drive\KhoaLuan_Data\data\xBD\train\images\socal-fire_00000434_pre_disaster.png,G:\My Drive\KhoaLuan_Data\data\xBD\Tier3\tier3\tier3\images\woolsey-fire_00000605_pre_disaster.png
sha256_a4d8db554e81c07d,a4d8db554e81c07d7728b84671631361b86c0191f07e659987dbc63d65c18dcb,pre,xbd_train_socal_fire_00000436,xbd_tier3_woolsey_fire_00000446,xbd_socal_fire,xbd_woolsey_fire,G:\My Drive\KhoaLuan_Data\data\xBD\train\images\socal-fire_00000436_pre_disaster.png,G:\My Drive\KhoaLuan_Data\data\xBD\Tier3\tier3\tier3\images\woolsey-fire_00000446_pre_disaster.png
sha256_5986a55a494c6623,5986a55a494c6623233fe3f71e0329e0f9105949f933fd974babf9effffb3079,pre,xbd_train_socal_fire_00000438,xbd_tier3_woolsey_fire_00000875,xbd_socal_fire,xbd_woolsey_fire,G:\My Drive\KhoaLuan_Data\data\xBD\train\images\socal-fire_00000438_pre_disaster.png,G:\My Drive\KhoaLuan_Data\data\xBD\Tier3\tier3\tier3\images\woolsey-fire_00000875_pre_disaster.png
sha256_6570ff9c499a04b8,6570ff9c499a04b8496f7158df747e0fd0d4620ad2a6567d5f9df039534a6796,pre,xbd_train_socal_fire_00000435,xbd_tier3_woolsey_fire_00000382,xbd_socal_fire,xbd_woolsey_fire,G:\My Drive\KhoaLuan_Data\data\xBD\train\images\socal-fire_00000435_pre_disaster.png,G:\My Drive\KhoaLuan_Data\data\xBD\Tier3\tier3\tier3\images\woolsey-fire_00000382_pre_disaster.png
sha256_a8ec961f0c13621c,a8ec961f0c13621c7ad407fcab10d3d10b37d39dd4b944308cd8c1d6471350d9,pre,xbd_train_socal_fire_00000442,xbd_tier3_woolsey_fire_00000557,xbd_socal_fire,xbd_woolsey_fire,G:\My Drive\KhoaLuan_Data\data\xBD\train\images\socal-fire_00000442_pre_disaster.png,G:\My Drive\KhoaLuan_Data\data\xBD\Tier3\tier3\tier3\images\woolsey-fire_00000557_pre_disaster.png
sha256_3930c72a1da61f31,3930c72a1da61f3184a707474f6f5caa92d007a9e1e8f9f61acc4d69c95eca2a,pre,xbd_train_socal_fire_00000446,xbd_tier3_woolsey_fire_00000877,xbd_socal_fire,xbd_woolsey_fire,G:\My Drive\KhoaLuan_Data\data\xBD\train\images\socal-fire_00000446_pre_disaster.png,G:\My Drive\KhoaLuan_Data\data\xBD\Tier3\tier3\tier3\images\woolsey-fire_00000877_pre_disaster.png
sha256_7de73d58817057e0,7de73d58817057e04d777265eafbdf5203da6745b46a5006676bb60e02c2c94b,pre,xbd_train_socal_fire_00000445,xbd_tier3_woolsey_fire_00000633,xbd_socal_fire,xbd_woolsey_fire,G:\My Drive\KhoaLuan_Data\data\xBD\train\images\socal-fire_00000445_pre_disaster.png,G:\My Drive\KhoaLuan_Data\data\xBD\Tier3\tier3\tier3\images\woolsey-fire_00000633_pre_disaster.png
sha256_4a31b1ae4130cb20,4a31b1ae4130cb20eb83c9850d1c8bed76b200319944883c8c9795f67dc7e900,pre,xbd_train_socal_fire_00000447,xbd_tier3_woolsey_fire_00000394,xbd_socal_fire,xbd_woolsey_fire,G:\My Drive\KhoaLuan_Data\data\xBD\train\images\socal-fire_00000447_pre_disaster.png,G:\My Drive\KhoaLuan_Data\data\xBD\Tier3\tier3\tier3\images\woolsey-fire_00000394_pre_disaster.png
sha256_b11836b69f81f431,b11836b69f81f43182c693120c4408d872167a96d483f58abaddb41c20f67fae,pre,xbd_train_socal_fire_00000455,xbd_tier3_woolsey_fire_00000138,xbd_socal_fire,xbd_woolsey_fire,G:\My Drive\KhoaLuan_Data\data\xBD\train\images\socal-fire_00000455_pre_disaster.png,G:\My Drive\KhoaLuan_Data\data\xBD\Tier3\tier3\tier3\images\woolsey-fire_00000138_pre_disaster.png
sha256_b7550dcc41254d4e,b7550dcc41254d4eb96c32d5846c5e1977ec81162e2e4ef99a6474faac4d4471,pre,xbd_train_socal_fire_00000454,xbd_tier3_woolsey_fire_00000584,xbd_socal_fire,xbd_woolsey_fire,G:\My Drive\KhoaLuan_Data\data\xBD\train\images\socal-fire_00000454_pre_disaster.png,G:\My Drive\KhoaLuan_Data\data\xBD\Tier3\tier3\tier3\images\woolsey-fire_00000584_pre_disaster.png
sha256_6b830460574ba1f3,6b830460574ba1f35e4a1057c0208095cc5c6e2dee0065c9669af80400a703e7,pre,xbd_train_socal_fire_00000450,xbd_tier3_woolsey_fire_00000159,xbd_socal_fire,xbd_woolsey_fire,G:\My Drive\KhoaLuan_Data\data\xBD\train\images\socal-fire_00000450_pre_disaster.png,G:\My Drive\KhoaLuan_Data\data\xBD\Tier3\tier3\tier3\images\woolsey-fire_00000159_pre_disaster.png
sha256_af2595676d08cc97,af2595676d08cc9743a73ce639323f6925b55a374f0a868aca8e5f0109b1f796,pre,xbd_train_socal_fire_00000457,xbd_tier3_woolsey_fire_00000402,xbd_socal_fire,xbd_woolsey_fire,G:\My Drive\KhoaLuan_Data\data\xBD\train\images\socal-fire_00000457_pre_disaster.png,G:\My Drive\KhoaLuan_Data\data\xBD\Tier3\tier3\tier3\images\woolsey-fire_00000402_pre_disaster.png
sha256_b12503cf54cd05c2,b12503cf54cd05c2a0c7fd3f3158311c23d0174cca4351ca6dc648620e956720,pre,xbd_train_socal_fire_00000462,xbd_tier3_woolsey_fire_00000170,xbd_socal_fire,xbd_woolsey_fire,G:\My Drive\KhoaLuan_Data\data\xBD\train\images\socal-fire_00000462_pre_disaster.png,G:\My Drive\KhoaLuan_Data\data\xBD\Tier3\tier3\tier3\images\woolsey-fire_00000170_pre_disaster.png
sha256_cd071153ec7e3f4e,cd071153ec7e3f4e2b5ad5bef34bf43beb39015717210ed7817d41b094f6a3ec,pre,xbd_train_socal_fire_00000464,xbd_tier3_woolsey_fire_00000595,xbd_socal_fire,xbd_woolsey_fire,G:\My Drive\KhoaLuan_Data\data\xBD\train\images\socal-fire_00000464_pre_disaster.png,G:\My Drive\KhoaLuan_Data\data\xBD\Tier3\tier3\tier3\images\woolsey-fire_00000595_pre_disaster.png
sha256_0fbeb72b472c33ad,0fbeb72b472c33ad039a5c4aad8a4be07623a9f6519c953031c7fa6aa29a1fb7,pre,xbd_train_socal_fire_00000465,xbd_tier3_woolsey_fire_00000157,xbd_socal_fire,xbd_woolsey_fire,G:\My Drive\KhoaLuan_Data\data\xBD\train\images\socal-fire_00000465_pre_disaster.png,G:\My Drive\KhoaLuan_Data\data\xBD\Tier3\tier3\tier3\images\woolsey-fire_00000157_pre_disaster.png
sha256_812e9536b8cb93b7,812e9536b8cb93b77ca21d9ae236872d84c4c26292a1b10839525678e50422ee,pre,xbd_train_socal_fire_00000467,xbd_tier3_woolsey_fire_00000177,xbd_socal_fire,xbd_woolsey_fire,G:\My Drive\KhoaLuan_Data\data\xBD\train\images\socal-fire_00000467_pre_disaster.png,G:\My Drive\KhoaLuan_Data\data\xBD\Tier3\tier3\tier3\images\woolsey-fire_00000177_pre_disaster.png
sha256_06d7927ca7a0f4ab,06d7927ca7a0f4aba364a902fc3148a73b5c28894605a96cc648f7b132b804b4,pre,xbd_train_socal_fire_00000466,xbd_tier3_woolsey_fire_00000473,xbd_socal_fire,xbd_woolsey_fire,G:\My Drive\KhoaLuan_Data\data\xBD\train\images\socal-fire_00000466_pre_disaster.png,G:\My Drive\KhoaLuan_Data\data\xBD\Tier3\tier3\tier3\images\woolsey-fire_00000473_pre_disaster.png
sha256_c4d7143b81eb7d3f,c4d7143b81eb7d3f946631e4f2c8943005816fd6fd8dce22297de6b7dd765a79,pre,xbd_train_socal_fire_00000468,xbd_tier3_woolsey_fire_00000586,xbd_socal_fire,xbd_woolsey_fire,G:\My Drive\KhoaLuan_Data\data\xBD\train\images\socal-fire_00000468_pre_disaster.png,G:\My Drive\KhoaLuan_Data\data\xBD\Tier3\tier3\tier3\images\woolsey-fire_00000586_pre_disaster.png
sha256_d0178f979f0274b9,d0178f979f0274b901b4bb52e14aea2d386cb10a32280964e741d435ce35f092,pre,xbd_train_socal_fire_00000472,xbd_tier3_woolsey_fire_00000484,xbd_socal_fire,xbd_woolsey_fire,G:\My Drive\KhoaLuan_Data\data\xBD\train\images\socal-fire_00000472_pre_disaster.png,G:\My Drive\KhoaLuan_Data\data\xBD\Tier3\tier3\tier3\images\woolsey-fire_00000484_pre_disaster.png
sha256_dd9368f2c3a4baa3,dd9368f2c3a4baa3048f7e762c035c0ae16b6c3b3ed7c29201ea6c6bb3bf1efb,pre,xbd_train_socal_fire_00000471,xbd_tier3_woolsey_fire_00000169,xbd_socal_fire,xbd_woolsey_fire,G:\My Drive\KhoaLuan_Data\data\xBD\train\images\socal-fire_00000471_pre_disaster.png,G:\My Drive\KhoaLuan_Data\data\xBD\Tier3\tier3\tier3\images\woolsey-fire_00000169_pre_disaster.png
sha256_355fd6df88a20132,355fd6df88a201329871e9396fc64ea2c342bc0c4db5906bba53f8aef1f781d8,pre,xbd_train_socal_fire_00000477,xbd_tier3_woolsey_fire_00000179,xbd_socal_fire,xbd_woolsey_fire,G:\My Drive\KhoaLuan_Data\data\xBD\train\images\socal-fire_00000477_pre_disaster.png,G:\My Drive\KhoaLuan_Data\data\xBD\Tier3\tier3\tier3\images\woolsey-fire_00000179_pre_disaster.png
sha256_8a8d9af891f55dbf,8a8d9af891f55dbfea53f4b5eaf2455ad2aa762fe0e7126f3fcffc9177ecabe0,pre,xbd_train_socal_fire_00000474,xbd_tier3_woolsey_fire_00000621,xbd_socal_fire,xbd_woolsey_fire,G:\My Drive\KhoaLuan_Data\data\xBD\train\images\socal-fire_00000474_pre_disaster.png,G:\My Drive\KhoaLuan_Data\data\xBD\Tier3\tier3\tier3\images\woolsey-fire_00000621_pre_disaster.png
sha256_2eedafdffe40b7e1,2eedafdffe40b7e15576bb883a409d74a4d3295498f4d72d64960c153f24532e,pre,xbd_train_socal_fire_00000473,xbd_tier3_woolsey_fire_00000597,xbd_socal_fire,xbd_woolsey_fire,G:\My Drive\KhoaLuan_Data\data\xBD\train\images\socal-fire_00000473_pre_disaster.png,G:\My Drive\KhoaLuan_Data\data\xBD\Tier3\tier3\tier3\images\woolsey-fire_00000597_pre_disaster.png
sha256_10923b5b85cd7409,10923b5b85cd7409dea2570cdb88b6e3fcb50f9226d6382b2fb5686b160f0415,pre,xbd_train_socal_fire_00000478,xbd_tier3_woolsey_fire_00000630,xbd_socal_fire,xbd_woolsey_fire,G:\My Drive\KhoaLuan_Data\data\xBD\train\images\socal-fire_00000478_pre_disaster.png,G:\My Drive\KhoaLuan_Data\data\xBD\Tier3\tier3\tier3\images\woolsey-fire_00000630_pre_disaster.png
sha256_3bc9a280721a4017,3bc9a280721a4017ac1b6a10b1c293a071e8775260bf9fe64b6ed8db1f01dace,pre,xbd_train_socal_fire_00000480,xbd_tier3_woolsey_fire_00000611,xbd_socal_fire,xbd_woolsey_fire,G:\My Drive\KhoaLuan_Data\data\xBD\train\images\socal-fire_00000480_pre_disaster.png,G:\My Drive\KhoaLuan_Data\data\xBD\Tier3\tier3\tier3\images\woolsey-fire_00000611_pre_disaster.png
sha256_5db5d71790365f7b,5db5d71790365f7b2ac68ee2cc497e3d2305b68cf6447cef3eae46d198398ef2,pre,xbd_train_socal_fire_00000488,xbd_tier3_woolsey_fire_00000486,xbd_socal_fire,xbd_woolsey_fire,G:\My Drive\KhoaLuan_Data\data\xBD\train\images\socal-fire_00000488_pre_disaster.png,G:\My Drive\KhoaLuan_Data\data\xBD\Tier3\tier3\tier3\images\woolsey-fire_00000486_pre_disaster.png
sha256_f9912117bba42cb2,f9912117bba42cb29ce2db4e80cececc2a2bc34791df18ad79aa998c90e65c77,pre,xbd_train_socal_fire_00000489,xbd_tier3_woolsey_fire_00000580,xbd_socal_fire,xbd_woolsey_fire,G:\My Drive\KhoaLuan_Data\data\xBD\train\images\socal-fire_00000489_pre_disaster.png,G:\My Drive\KhoaLuan_Data\data\xBD\Tier3\tier3\tier3\images\woolsey-fire_00000580_pre_disaster.png
sha256_0daea05d032a7ffe,0daea05d032a7ffeafd07573e1e92b9c2497137b84f4405bdfeea9f6b2d61619,pre,xbd_train_socal_fire_00000492,xbd_tier3_woolsey_fire_00000513,xbd_socal_fire,xbd_woolsey_fire,G:\My Drive\KhoaLuan_Data\data\xBD\train\images\socal-fire_00000492_pre_disaster.png,G:\My Drive\KhoaLuan_Data\data\xBD\Tier3\tier3\tier3\images\woolsey-fire_00000513_pre_disaster.png
sha256_a0c3dae620a47dfa,a0c3dae620a47dfaedb27831716024248bb24d9094753d212487f161d6f5ddab,pre,xbd_train_socal_fire_00000494,xbd_tier3_woolsey_fire_00000631,xbd_socal_fire,xbd_woolsey_fire,G:\My Drive\KhoaLuan_Data\data\xBD\train\images\socal-fire_00000494_pre_disaster.png,G:\My Drive\KhoaLuan_Data\data\xBD\Tier3\tier3\tier3\images\woolsey-fire_00000631_pre_disaster.png
sha256_08c57393cc70c151,08c57393cc70c15182d81c8aa407758f4bca865a4ee45f433469c6be9f525315,pre,xbd_train_socal_fire_00000496,xbd_tier3_woolsey_fire_00000684,xbd_socal_fire,xbd_woolsey_fire,G:\My Drive\KhoaLuan_Data\data\xBD\train\images\socal-fire_00000496_pre_disaster.png,G:\My Drive\KhoaLuan_Data\data\xBD\Tier3\tier3\tier3\images\woolsey-fire_00000684_pre_disaster.png
sha256_b139c4cd5053eac8,b139c4cd5053eac88d7ec39752cb038cd75cf52a5356246269eb2f8abcaca6d0,pre,xbd_train_socal_fire_00000497,xbd_tier3_woolsey_fire_00000594,xbd_socal_fire,xbd_woolsey_fire,G:\My Drive\KhoaLuan_Data\data\xBD\train\images\socal-fire_00000497_pre_disaster.png,G:\My Drive\KhoaLuan_Data\data\xBD\Tier3\tier3\tier3\images\woolsey-fire_00000594_pre_disaster.png
sha256_e00b9fac0a4bd4e2,e00b9fac0a4bd4e20cf75af7955ef29915b42d5fb110e7c5ad72e9c703721112,pre,xbd_train_socal_fire_00000501,xbd_tier3_woolsey_fire_00000644,xbd_socal_fire,xbd_woolsey_fire,G:\My Drive\KhoaLuan_Data\data\xBD\train\images\socal-fire_00000501_pre_disaster.png,G:\My Drive\KhoaLuan_Data\data\xBD\Tier3\tier3\tier3\images\woolsey-fire_00000644_pre_disaster.png
sha256_0a09b9cf89db2ff1,0a09b9cf89db2ff13a0fe871a9821b8573d82648192cb504499169e52ffb5128,pre,xbd_train_socal_fire_00000502,xbd_tier3_woolsey_fire_00000663,xbd_socal_fire,xbd_woolsey_fire,G:\My Drive\KhoaLuan_Data\data\xBD\train\images\socal-fire_00000502_pre_disaster.png,G:\My Drive\KhoaLuan_Data\data\xBD\Tier3\tier3\tier3\images\woolsey-fire_00000663_pre_disaster.png
sha256_8204e4474879103e,8204e4474879103e8f117c969a5a9da0894bab08fd76be8c38bec46b8eaf9392,pre,xbd_train_socal_fire_00000503,xbd_tier3_woolsey_fire_00000526,xbd_socal_fire,xbd_woolsey_fire,G:\My Drive\KhoaLuan_Data\data\xBD\train\images\socal-fire_00000503_pre_disaster.png,G:\My Drive\KhoaLuan_Data\data\xBD\Tier3\tier3\tier3\images\woolsey-fire_00000526_pre_disaster.png
sha256_9e60deb3bc97f7b8,9e60deb3bc97f7b8818ef4cc50d74621fd9b4af6c19c99e02d127c4a7aa89296,pre,xbd_train_socal_fire_00000505,xbd_tier3_woolsey_fire_00000607,xbd_socal_fire,xbd_woolsey_fire,G:\My Drive\KhoaLuan_Data\data\xBD\train\images\socal-fire_00000505_pre_disaster.png,G:\My Drive\KhoaLuan_Data\data\xBD\Tier3\tier3\tier3\images\woolsey-fire_00000607_pre_disaster.png
sha256_09ae05b1eb965f7f,09ae05b1eb965f7ff4156bf0a82113834d246637ed0e3f9e53146acceae3dc75,pre,xbd_train_socal_fire_00000510,xbd_tier3_woolsey_fire_00000085,xbd_socal_fire,xbd_woolsey_fire,G:\My Drive\KhoaLuan_Data\data\xBD\train\images\socal-fire_00000510_pre_disaster.png,G:\My Drive\KhoaLuan_Data\data\xBD\Tier3\tier3\tier3\images\woolsey-fire_00000085_pre_disaster.png
sha256_33386d31a3e490df,33386d31a3e490dfee7ff306467e69f8b335bfcbe36528b37c08adc7a3e7ca9d,pre,xbd_train_socal_fire_00000511,xbd_tier3_woolsey_fire_00000673,xbd_socal_fire,xbd_woolsey_fire,G:\My Drive\KhoaLuan_Data\data\xBD\train\images\socal-fire_00000511_pre_disaster.png,G:\My Drive\KhoaLuan_Data\data\xBD\Tier3\tier3\tier3\images\woolsey-fire_00000673_pre_disaster.png
sha256_24411902ba4773e7,24411902ba4773e71291d66d76c73fe76269652786bceb76319c3e26ede1f4c4,pre,xbd_train_socal_fire_00000514,xbd_tier3_woolsey_fire_00000706,xbd_socal_fire,xbd_woolsey_fire,G:\My Drive\KhoaLuan_Data\data\xBD\train\images\socal-fire_00000514_pre_disaster.png,G:\My Drive\KhoaLuan_Data\data\xBD\Tier3\tier3\tier3\images\woolsey-fire_00000706_pre_disaster.png
sha256_091efef178a84390,091efef178a8439083b4a6dece541be7400e85ff1caa82a762f1894239520bfa,pre,xbd_train_socal_fire_00000520,xbd_tier3_woolsey_fire_00000662,xbd_socal_fire,xbd_woolsey_fire,G:\My Drive\KhoaLuan_Data\data\xBD\train\images\socal-fire_00000520_pre_disaster.png,G:\My Drive\KhoaLuan_Data\data\xBD\Tier3\tier3\tier3\images\woolsey-fire_00000662_pre_disaster.png
sha256_c84e11eca5302e7a,c84e11eca5302e7ad30c0cfeba6b15d8d565747154053534d52de1a19248daa6,pre,xbd_train_socal_fire_00000516,xbd_tier3_woolsey_fire_00000532,xbd_socal_fire,xbd_woolsey_fire,G:\My Drive\KhoaLuan_Data\data\xBD\train\images\socal-fire_00000516_pre_disaster.png,G:\My Drive\KhoaLuan_Data\data\xBD\Tier3\tier3\tier3\images\woolsey-fire_00000532_pre_disaster.png
sha256_d7da8373523b8de0,d7da8373523b8de0288e37a91433443f2699e7a28b0bd162e87b42c5aa4294fa,pre,xbd_train_socal_fire_00000522,xbd_tier3_woolsey_fire_00000101,xbd_socal_fire,xbd_woolsey_fire,G:\My Drive\KhoaLuan_Data\data\xBD\train\images\socal-fire_00000522_pre_disaster.png,G:\My Drive\KhoaLuan_Data\data\xBD\Tier3\tier3\tier3\images\woolsey-fire_00000101_pre_disaster.png
sha256_f4068ce8c570f654,f4068ce8c570f6540c7c9958c97f8c6c8570cb86ec61f03d3fc03f8326a2786d,pre,xbd_train_socal_fire_00000521,xbd_tier3_woolsey_fire_00000685,xbd_socal_fire,xbd_woolsey_fire,G:\My Drive\KhoaLuan_Data\data\xBD\train\images\socal-fire_00000521_pre_disaster.png,G:\My Drive\KhoaLuan_Data\data\xBD\Tier3\tier3\tier3\images\woolsey-fire_00000685_pre_disaster.png
sha256_54d273cb1f0bc36f,54d273cb1f0bc36f4e33b72ea55e6d117fcb1d6c9971041fda75fd88d984d042,pre,xbd_train_socal_fire_00000525,xbd_tier3_woolsey_fire_00000715,xbd_socal_fire,xbd_woolsey_fire,G:\My Drive\KhoaLuan_Data\data\xBD\train\images\socal-fire_00000525_pre_disaster.png,G:\My Drive\KhoaLuan_Data\data\xBD\Tier3\tier3\tier3\images\woolsey-fire_00000715_pre_disaster.png
sha256_895e2c3d8c6f69f7,895e2c3d8c6f69f7a9e670baed96a0acbb03ac23e7d369f6ab5b08b0a6f94baf,pre,xbd_train_socal_fire_00000528,xbd_tier3_woolsey_fire_00000694,xbd_socal_fire,xbd_woolsey_fire,G:\My Drive\KhoaLuan_Data\data\xBD\train\images\socal-fire_00000528_pre_disaster.png,G:\My Drive\KhoaLuan_Data\data\xBD\Tier3\tier3\tier3\images\woolsey-fire_00000694_pre_disaster.png
sha256_d7aabf2a5319e84f,d7aabf2a5319e84f87b9168b83766f815e37287169561e1e5d93b7be6d115e12,pre,xbd_train_socal_fire_00000533,xbd_tier3_woolsey_fire_00000202,xbd_socal_fire,xbd_woolsey_fire,G:\My Drive\KhoaLuan_Data\data\xBD\train\images\socal-fire_00000533_pre_disaster.png,G:\My Drive\KhoaLuan_Data\data\xBD\Tier3\tier3\tier3\images\woolsey-fire_00000202_pre_disaster.png
sha256_0b0f077679ae4934,0b0f077679ae49343f1d1bd8c7cf3008ac18056cbe417b784d4435a25b70faf9,pre,xbd_train_socal_fire_00000534,xbd_tier3_woolsey_fire_00000680,xbd_socal_fire,xbd_woolsey_fire,G:\My Drive\KhoaLuan_Data\data\xBD\train\images\socal-fire_00000534_pre_disaster.png,G:\My Drive\KhoaLuan_Data\data\xBD\Tier3\tier3\tier3\images\woolsey-fire_00000680_pre_disaster.png
sha256_050a857d0edecb68,050a857d0edecb68a617e367d6acc1163a2400471d49ec02bd9eda8cbb0ef1eb,pre,xbd_train_socal_fire_00000531,xbd_tier3_woolsey_fire_00000541,xbd_socal_fire,xbd_woolsey_fire,G:\My Drive\KhoaLuan_Data\data\xBD\train\images\socal-fire_00000531_pre_disaster.png,G:\My Drive\KhoaLuan_Data\data\xBD\Tier3\tier3\tier3\images\woolsey-fire_00000541_pre_disaster.png
sha256_b9ffd610626b1fdf,b9ffd610626b1fdf527bb939a0dcaff901f455862e3247ec7bcaf62852430ce4,pre,xbd_train_socal_fire_00000537,xbd_tier3_woolsey_fire_00000117,xbd_socal_fire,xbd_woolsey_fire,G:\My Drive\KhoaLuan_Data\data\xBD\train\images\socal-fire_00000537_pre_disaster.png,G:\My Drive\KhoaLuan_Data\data\xBD\Tier3\tier3\tier3\images\woolsey-fire_00000117_pre_disaster.png
sha256_d8e44face8c702e1,d8e44face8c702e1affe5472b661ca3d9ca7dd4e4d49b26653b4664bc1826746,pre,xbd_train_socal_fire_00000535,xbd_tier3_woolsey_fire_00000683,xbd_socal_fire,xbd_woolsey_fire,G:\My Drive\KhoaLuan_Data\data\xBD\train\images\socal-fire_00000535_pre_disaster.png,G:\My Drive\KhoaLuan_Data\data\xBD\Tier3\tier3\tier3\images\woolsey-fire_00000683_pre_disaster.png
sha256_7d704a341d4c5a7c,7d704a341d4c5a7ce84809e75ad2b109db8f99d09ae0fd85199feb4fb5ec11bd,pre,xbd_train_socal_fire_00000538,xbd_tier3_woolsey_fire_00000302,xbd_socal_fire,xbd_woolsey_fire,G:\My Drive\KhoaLuan_Data\data\xBD\train\images\socal-fire_00000538_pre_disaster.png,G:\My Drive\KhoaLuan_Data\data\xBD\Tier3\tier3\tier3\images\woolsey-fire_00000302_pre_disaster.png
sha256_7841e4eb8e2a7880,7841e4eb8e2a7880d07d8582b08593a0d486b9e95bde9f7f43f36bfb87e4ca2e,pre,xbd_train_socal_fire_00000545,xbd_tier3_woolsey_fire_00000551,xbd_socal_fire,xbd_woolsey_fire,G:\My Drive\KhoaLuan_Data\data\xBD\train\images\socal-fire_00000545_pre_disaster.png,G:\My Drive\KhoaLuan_Data\data\xBD\Tier3\tier3\tier3\images\woolsey-fire_00000551_pre_disaster.png
sha256_a4c08cc6e2f1a2e7,a4c08cc6e2f1a2e7b4ce6c7fb787c10284f9c7adca2866f6c674ff9d53c0d38f,pre,xbd_train_socal_fire_00000543,xbd_tier3_woolsey_fire_00000210,xbd_socal_fire,xbd_woolsey_fire,G:\My Drive\KhoaLuan_Data\data\xBD\train\images\socal-fire_00000543_pre_disaster.png,G:\My Drive\KhoaLuan_Data\data\xBD\Tier3\tier3\tier3\images\woolsey-fire_00000210_pre_disaster.png
sha256_d7797c4032437a2c,d7797c4032437a2ccd5688c72045acfd3dfbd6406a2f0c95dcd357b30aef0110,pre,xbd_train_socal_fire_00000547,xbd_tier3_woolsey_fire_00000710,xbd_socal_fire,xbd_woolsey_fire,G:\My Drive\KhoaLuan_Data\data\xBD\train\images\socal-fire_00000547_pre_disaster.png,G:\My Drive\KhoaLuan_Data\data\xBD\Tier3\tier3\tier3\images\woolsey-fire_00000710_pre_disaster.png
sha256_dc035d50754dc853,dc035d50754dc8535cf9610be289b792c0872dfd849f13da44f00fb4f64c9f5c,pre,xbd_train_socal_fire_00000552,xbd_tier3_woolsey_fire_00000219,xbd_socal_fire,xbd_woolsey_fire,G:\My Drive\KhoaLuan_Data\data\xBD\train\images\socal-fire_00000552_pre_disaster.png,G:\My Drive\KhoaLuan_Data\data\xBD\Tier3\tier3\tier3\images\woolsey-fire_00000219_pre_disaster.png
sha256_7aa1b1a9c0f1625d,7aa1b1a9c0f1625d2b7a812e2075d61d6ea335b221a550d19a6aa6c5fa79a1cc,pre,xbd_train_socal_fire_00000554,xbd_tier3_woolsey_fire_00000718,xbd_socal_fire,xbd_woolsey_fire,G:\My Drive\KhoaLuan_Data\data\xBD\train\images\socal-fire_00000554_pre_disaster.png,G:\My Drive\KhoaLuan_Data\data\xBD\Tier3\tier3\tier3\images\woolsey-fire_00000718_pre_disaster.png
sha256_75493d0dbc2366d8,75493d0dbc2366d89b50be117c22c3850d084e8d42627d32900a82fac523b661,pre,xbd_train_socal_fire_00000560,xbd_tier3_woolsey_fire_00000556,xbd_socal_fire,xbd_woolsey_fire,G:\My Drive\KhoaLuan_Data\data\xBD\train\images\socal-fire_00000560_pre_disaster.png,G:\My Drive\KhoaLuan_Data\data\xBD\Tier3\tier3\tier3\images\woolsey-fire_00000556_pre_disaster.png
sha256_2264d517667ed04c,2264d517667ed04ccfa1f47241f22e6753673fc58275b96a6c54c2f5007b4900,pre,xbd_train_socal_fire_00000563,xbd_tier3_woolsey_fire_00000725,xbd_socal_fire,xbd_woolsey_fire,G:\My Drive\KhoaLuan_Data\data\xBD\train\images\socal-fire_00000563_pre_disaster.png,G:\My Drive\KhoaLuan_Data\data\xBD\Tier3\tier3\tier3\images\woolsey-fire_00000725_pre_disaster.png
sha256_d11b9390942193e9,d11b9390942193e98a592e0154f5f45777acc1276a881456b0b253fdbbd72be7,pre,xbd_train_socal_fire_00000564,xbd_tier3_woolsey_fire_00000225,xbd_socal_fire,xbd_woolsey_fire,G:\My Drive\KhoaLuan_Data\data\xBD\train\images\socal-fire_00000564_pre_disaster.png,G:\My Drive\KhoaLuan_Data\data\xBD\Tier3\tier3\tier3\images\woolsey-fire_00000225_pre_disaster.png
sha256_989a8d66d53e6c13,989a8d66d53e6c13980547e1a55afc3e04b43e343dca6b3f18c3a436b78ee8aa,pre,xbd_train_socal_fire_00000569,xbd_tier3_woolsey_fire_00000365,xbd_socal_fire,xbd_woolsey_fire,G:\My Drive\KhoaLuan_Data\data\xBD\train\images\socal-fire_00000569_pre_disaster.png,G:\My Drive\KhoaLuan_Data\data\xBD\Tier3\tier3\tier3\images\woolsey-fire_00000365_pre_disaster.png
sha256_3382a6c88b5bbe12,3382a6c88b5bbe1279ddf93e06cccf15344525f2fa1ac656e91f5081cc6a4dc7,pre,xbd_train_socal_fire_00000580,xbd_tier3_woolsey_fire_00000380,xbd_socal_fire,xbd_woolsey_fire,G:\My Drive\KhoaLuan_Data\data\xBD\train\images\socal-fire_00000580_pre_disaster.png,G:\My Drive\KhoaLuan_Data\data\xBD\Tier3\tier3\tier3\images\woolsey-fire_00000380_pre_disaster.png
sha256_a6e309494ab4441d,a6e309494ab4441d5ece4dba98bb6ae399d4c3e4a0b234c5f8ff8f2ac85365fe,pre,xbd_train_socal_fire_00000573,xbd_tier3_woolsey_fire_00000729,xbd_socal_fire,xbd_woolsey_fire,G:\My Drive\KhoaLuan_Data\data\xBD\train\images\socal-fire_00000573_pre_disaster.png,G:\My Drive\KhoaLuan_Data\data\xBD\Tier3\tier3\tier3\images\woolsey-fire_00000729_pre_disaster.png
sha256_bd51aca2d222a22a,bd51aca2d222a22a69e6a4a83a05c7593db3b156ecc25bc41587d14a5e9283fb,pre,xbd_train_socal_fire_00000583,xbd_tier3_woolsey_fire_00000736,xbd_socal_fire,xbd_woolsey_fire,G:\My Drive\KhoaLuan_Data\data\xBD\train\images\socal-fire_00000583_pre_disaster.png,G:\My Drive\KhoaLuan_Data\data\xBD\Tier3\tier3\tier3\images\woolsey-fire_00000736_pre_disaster.png
sha256_dd2fd9090f154e37,dd2fd9090f154e3737e91f0f150871630d35666aedfb8bebe69083b6aa8046a4,pre,xbd_train_socal_fire_00000585,xbd_tier3_woolsey_fire_00000067,xbd_socal_fire,xbd_woolsey_fire,G:\My Drive\KhoaLuan_Data\data\xBD\train\images\socal-fire_00000585_pre_disaster.png,G:\My Drive\KhoaLuan_Data\data\xBD\Tier3\tier3\tier3\images\woolsey-fire_00000067_pre_disaster.png
sha256_422739b539a6aa1b,422739b539a6aa1b6b321e4b78286c937d724d076dfd4c8a1f0c0f6162856b03,pre,xbd_train_socal_fire_00000587,xbd_tier3_woolsey_fire_00000578,xbd_socal_fire,xbd_woolsey_fire,G:\My Drive\KhoaLuan_Data\data\xBD\train\images\socal-fire_00000587_pre_disaster.png,G:\My Drive\KhoaLuan_Data\data\xBD\Tier3\tier3\tier3\images\woolsey-fire_00000578_pre_disaster.png
sha256_0b4cf40bdf09b154,0b4cf40bdf09b154bc0c2f57b6a771b9a17a95a8bd264695f58ff51216434816,pre,xbd_train_socal_fire_00000591,xbd_tier3_woolsey_fire_00000148,xbd_socal_fire,xbd_woolsey_fire,G:\My Drive\KhoaLuan_Data\data\xBD\train\images\socal-fire_00000591_pre_disaster.png,G:\My Drive\KhoaLuan_Data\data\xBD\Tier3\tier3\tier3\images\woolsey-fire_00000148_pre_disaster.png
sha256_08cd21111258f45c,08cd21111258f45c4877df82624424fd6a0ddab445a57190f96bab3db7545297,pre,xbd_train_socal_fire_00000592,xbd_tier3_woolsey_fire_00000016,xbd_socal_fire,xbd_woolsey_fire,G:\My Drive\KhoaLuan_Data\data\xBD\train\images\socal-fire_00000592_pre_disaster.png,G:\My Drive\KhoaLuan_Data\data\xBD\Tier3\tier3\tier3\images\woolsey-fire_00000016_pre_disaster.png
sha256_3bbe898222b1d010,3bbe898222b1d0100d49662850aedf870966d6495e51153bb14ae0c38b5b9da5,pre,xbd_train_socal_fire_00000594,xbd_tier3_woolsey_fire_00000081,xbd_socal_fire,xbd_woolsey_fire,G:\My Drive\KhoaLuan_Data\data\xBD\train\images\socal-fire_00000594_pre_disaster.png,G:\My Drive\KhoaLuan_Data\data\xBD\Tier3\tier3\tier3\images\woolsey-fire_00000081_pre_disaster.png
sha256_7be0791e4ca70854,7be0791e4ca70854c4182f3f9fc12be51e39da4c708da494682d8a0fdabd22a5,pre,xbd_train_socal_fire_00000598,xbd_tier3_woolsey_fire_00000741,xbd_socal_fire,xbd_woolsey_fire,G:\My Drive\KhoaLuan_Data\data\xBD\train\images\socal-fire_00000598_pre_disaster.png,G:\My Drive\KhoaLuan_Data\data\xBD\Tier3\tier3\tier3\images\woolsey-fire_00000741_pre_disaster.png
sha256_86f720d922859413,86f720d92285941306f46295c56e383deede257f622ceaf06d0cd28e7e41b217,pre,xbd_train_socal_fire_00000600,xbd_tier3_woolsey_fire_00000168,xbd_socal_fire,xbd_woolsey_fire,G:\My Drive\KhoaLuan_Data\data\xBD\train\images\socal-fire_00000600_pre_disaster.png,G:\My Drive\KhoaLuan_Data\data\xBD\Tier3\tier3\tier3\images\woolsey-fire_00000168_pre_disaster.png
sha256_f48af14cad4d2f2c,f48af14cad4d2f2c9b8546483e9aed96c6f11452dbabe0adb9ca0f26b81f2c5b,pre,xbd_train_socal_fire_00000601,xbd_tier3_woolsey_fire_00000133,xbd_socal_fire,xbd_woolsey_fire,G:\My Drive\KhoaLuan_Data\data\xBD\train\images\socal-fire_00000601_pre_disaster.png,G:\My Drive\KhoaLuan_Data\data\xBD\Tier3\tier3\tier3\images\woolsey-fire_00000133_pre_disaster.png
sha256_34a8077629c92c42,34a8077629c92c42e8ab0dcec1ce98eda14792009a2f282729b65862dec7f539,pre,xbd_train_socal_fire_00000599,xbd_tier3_woolsey_fire_00000590,xbd_socal_fire,xbd_woolsey_fire,G:\My Drive\KhoaLuan_Data\data\xBD\train\images\socal-fire_00000599_pre_disaster.png,G:\My Drive\KhoaLuan_Data\data\xBD\Tier3\tier3\tier3\images\woolsey-fire_00000590_pre_disaster.png
sha256_410281007f6889f8,410281007f6889f863f209821f27fde1738fdc7cfcc1262f1cfe26687a490492,pre,xbd_train_socal_fire_00000603,xbd_tier3_woolsey_fire_00000024,xbd_socal_fire,xbd_woolsey_fire,G:\My Drive\KhoaLuan_Data\data\xBD\train\images\socal-fire_00000603_pre_disaster.png,G:\My Drive\KhoaLuan_Data\data\xBD\Tier3\tier3\tier3\images\woolsey-fire_00000024_pre_disaster.png
sha256_33ade15e8a19847a,33ade15e8a19847acbb7e5a7293ef5364942da1503455bcdd904575f6c217c68,pre,xbd_train_socal_fire_00000607,xbd_tier3_woolsey_fire_00000281,xbd_socal_fire,xbd_woolsey_fire,G:\My Drive\KhoaLuan_Data\data\xBD\train\images\socal-fire_00000607_pre_disaster.png,G:\My Drive\KhoaLuan_Data\data\xBD\Tier3\tier3\tier3\images\woolsey-fire_00000281_pre_disaster.png
sha256_230cc6312d0831e6,230cc6312d0831e69544cde2c0ab35c714ee22b413726aa6c671d8c13bb9ec9a,pre,xbd_train_socal_fire_00000611,xbd_tier3_woolsey_fire_00000185,xbd_socal_fire,xbd_woolsey_fire,G:\My Drive\KhoaLuan_Data\data\xBD\train\images\socal-fire_00000611_pre_disaster.png,G:\My Drive\KhoaLuan_Data\data\xBD\Tier3\tier3\tier3\images\woolsey-fire_00000185_pre_disaster.png
sha256_16589178d2e7e8ef,16589178d2e7e8ef09a50c11ac2120f9bb30ef8d6064cc6d1bc8e80977a631ed,pre,xbd_train_socal_fire_00000609,xbd_tier3_woolsey_fire_00000312,xbd_socal_fire,xbd_woolsey_fire,G:\My Drive\KhoaLuan_Data\data\xBD\train\images\socal-fire_00000609_pre_disaster.png,G:\My Drive\KhoaLuan_Data\data\xBD\Tier3\tier3\tier3\images\woolsey-fire_00000312_pre_disaster.png
sha256_6b84336e2875210d,6b84336e2875210d2357e40ddfcb73aca6810561d2ff1337ba6364a5243d0583,pre,xbd_train_socal_fire_00000619,xbd_tier3_woolsey_fire_00000291,xbd_socal_fire,xbd_woolsey_fire,G:\My Drive\KhoaLuan_Data\data\xBD\train\images\socal-fire_00000619_pre_disaster.png,G:\My Drive\KhoaLuan_Data\data\xBD\Tier3\tier3\tier3\images\woolsey-fire_00000291_pre_disaster.png
sha256_ffc4dd7c116dce1e,ffc4dd7c116dce1e2be4cc28adf3360d1880ef7a7a192e984a348a11f13fc942,pre,xbd_train_socal_fire_00000624,xbd_tier3_woolsey_fire_00000372,xbd_socal_fire,xbd_woolsey_fire,G:\My Drive\KhoaLuan_Data\data\xBD\train\images\socal-fire_00000624_pre_disaster.png,G:\My Drive\KhoaLuan_Data\data\xBD\Tier3\tier3\tier3\images\woolsey-fire_00000372_pre_disaster.png
sha256_59377509ca33068d,59377509ca33068de9fb96c9faf966a74307b67d4ba9a26a6c3488559767f7f1,pre,xbd_train_socal_fire_00000620,xbd_tier3_woolsey_fire_00000754,xbd_socal_fire,xbd_woolsey_fire,G:\My Drive\KhoaLuan_Data\data\xBD\train\images\socal-fire_00000620_pre_disaster.png,G:\My Drive\KhoaLuan_Data\data\xBD\Tier3\tier3\tier3\images\woolsey-fire_00000754_pre_disaster.png
sha256_726033d52c153ea4,726033d52c153ea42561c052df14ca486622d1819895a9f632d67387b0f7c05f,pre,xbd_train_socal_fire_00000626,xbd_tier3_woolsey_fire_00000038,xbd_socal_fire,xbd_woolsey_fire,G:\My Drive\KhoaLuan_Data\data\xBD\train\images\socal-fire_00000626_pre_disaster.png,G:\My Drive\KhoaLuan_Data\data\xBD\Tier3\tier3\tier3\images\woolsey-fire_00000038_pre_disaster.png
sha256_913e92481c0dbcbe,913e92481c0dbcbe6c7ed1d9768fa1fcf5617ddbeaa3fb68ed67b801d6411039,pre,xbd_train_socal_fire_00000628,xbd_tier3_woolsey_fire_00000126,xbd_socal_fire,xbd_woolsey_fire,G:\My Drive\KhoaLuan_Data\data\xBD\train\images\socal-fire_00000628_pre_disaster.png,G:\My Drive\KhoaLuan_Data\data\xBD\Tier3\tier3\tier3\images\woolsey-fire_00000126_pre_disaster.png
sha256_06e899b5ee284e19,06e899b5ee284e19241d9f3161de377a21f62467f7eb28aa50ce88e6b59296c2,pre,xbd_train_socal_fire_00000631,xbd_tier3_woolsey_fire_00000759,xbd_socal_fire,xbd_woolsey_fire,G:\My Drive\KhoaLuan_Data\data\xBD\train\images\socal-fire_00000631_pre_disaster.png,G:\My Drive\KhoaLuan_Data\data\xBD\Tier3\tier3\tier3\images\woolsey-fire_00000759_pre_disaster.png
sha256_ff35849df6d6ad65,ff35849df6d6ad653309e59a118f18a14ab8fbbd4a654f0f19f0963a7aec029b,pre,xbd_train_socal_fire_00000629,xbd_tier3_woolsey_fire_00000752,xbd_socal_fire,xbd_woolsey_fire,G:\My Drive\KhoaLuan_Data\data\xBD\train\images\socal-fire_00000629_pre_disaster.png,G:\My Drive\KhoaLuan_Data\data\xBD\Tier3\tier3\tier3\images\woolsey-fire_00000752_pre_disaster.png
sha256_f062bf4d0cec0a8c,f062bf4d0cec0a8c5a276ff5590ee5dcc4395e4589d1687ecf816121d88b9e3e,pre,xbd_train_socal_fire_00000633,xbd_tier3_woolsey_fire_00000618,xbd_socal_fire,xbd_woolsey_fire,G:\My Drive\KhoaLuan_Data\data\xBD\train\images\socal-fire_00000633_pre_disaster.png,G:\My Drive\KhoaLuan_Data\data\xBD\Tier3\tier3\tier3\images\woolsey-fire_00000618_pre_disaster.png
sha256_1f85e39c1b0e3701,1f85e39c1b0e37015d422784407f30325d7648b8448d3990e2f0cb6bacb246a0,pre,xbd_train_socal_fire_00000635,xbd_tier3_woolsey_fire_00000209,xbd_socal_fire,xbd_woolsey_fire,G:\My Drive\KhoaLuan_Data\data\xBD\train\images\socal-fire_00000635_pre_disaster.png,G:\My Drive\KhoaLuan_Data\data\xBD\Tier3\tier3\tier3\images\woolsey-fire_00000209_pre_disaster.png
sha256_5d261fd09df85d56,5d261fd09df85d565222ef23629b145f52b0a8324f523004cbf0fa1f4e4f9d46,pre,xbd_train_socal_fire_00000636,xbd_tier3_woolsey_fire_00000389,xbd_socal_fire,xbd_woolsey_fire,G:\My Drive\KhoaLuan_Data\data\xBD\train\images\socal-fire_00000636_pre_disaster.png,G:\My Drive\KhoaLuan_Data\data\xBD\Tier3\tier3\tier3\images\woolsey-fire_00000389_pre_disaster.png
sha256_a95fbf3c80d7e7ac,a95fbf3c80d7e7ac771021e20c9d7f47d2b803ca5740f773261dd65a9d012ecc,pre,xbd_train_socal_fire_00000642,xbd_tier3_woolsey_fire_00000140,xbd_socal_fire,xbd_woolsey_fire,G:\My Drive\KhoaLuan_Data\data\xBD\train\images\socal-fire_00000642_pre_disaster.png,G:\My Drive\KhoaLuan_Data\data\xBD\Tier3\tier3\tier3\images\woolsey-fire_00000140_pre_disaster.png
sha256_353be784fa317118,353be784fa3171186f81e092bfd2a38a7dd7ed549dc51e54119d9d04786cf2f2,pre,xbd_train_socal_fire_00000640,xbd_tier3_woolsey_fire_00000186,xbd_socal_fire,xbd_woolsey_fire,G:\My Drive\KhoaLuan_Data\data\xBD\train\images\socal-fire_00000640_pre_disaster.png,G:\My Drive\KhoaLuan_Data\data\xBD\Tier3\tier3\tier3\images\woolsey-fire_00000186_pre_disaster.png
sha256_cdb5e46b397adc6d,cdb5e46b397adc6d25f8198eb05ef157130c7de80105c80c85f46a2a751bdce5,pre,xbd_train_socal_fire_00000647,xbd_tier3_woolsey_fire_00000626,xbd_socal_fire,xbd_woolsey_fire,G:\My Drive\KhoaLuan_Data\data\xBD\train\images\socal-fire_00000647_pre_disaster.png,G:\My Drive\KhoaLuan_Data\data\xBD\Tier3\tier3\tier3\images\woolsey-fire_00000626_pre_disaster.png
sha256_25e7295bbf7c6701,25e7295bbf7c670147a26285b0558e303759db236de63441e5737f8360b5e586,pre,xbd_train_socal_fire_00000651,xbd_tier3_woolsey_fire_00000158,xbd_socal_fire,xbd_woolsey_fire,G:\My Drive\KhoaLuan_Data\data\xBD\train\images\socal-fire_00000651_pre_disaster.png,G:\My Drive\KhoaLuan_Data\data\xBD\Tier3\tier3\tier3\images\woolsey-fire_00000158_pre_disaster.png
sha256_6186edccfa2aae06,6186edccfa2aae06d08405ce5f2e9a6224b9dee0f2284207eac9d740d69bf9a3,pre,xbd_train_socal_fire_00000652,xbd_tier3_woolsey_fire_00000445,xbd_socal_fire,xbd_woolsey_fire,G:\My Drive\KhoaLuan_Data\data\xBD\train\images\socal-fire_00000652_pre_disaster.png,G:\My Drive\KhoaLuan_Data\data\xBD\Tier3\tier3\tier3\images\woolsey-fire_00000445_pre_disaster.png
sha256_9709fa36258ab92d,9709fa36258ab92d863bd9fc7d603852568368cfbfea5fce61d5c1316d3b209a,pre,xbd_train_socal_fire_00000657,xbd_tier3_woolsey_fire_00000079,xbd_socal_fire,xbd_woolsey_fire,G:\My Drive\KhoaLuan_Data\data\xBD\train\images\socal-fire_00000657_pre_disaster.png,G:\My Drive\KhoaLuan_Data\data\xBD\Tier3\tier3\tier3\images\woolsey-fire_00000079_pre_disaster.png
sha256_31e9286968254ee8,31e9286968254ee8bf32974b0a4e881cddf4323968e80187407bbbc3bac150a4,pre,xbd_train_socal_fire_00000661,xbd_tier3_woolsey_fire_00000171,xbd_socal_fire,xbd_woolsey_fire,G:\My Drive\KhoaLuan_Data\data\xBD\train\images\socal-fire_00000661_pre_disaster.png,G:\My Drive\KhoaLuan_Data\data\xBD\Tier3\tier3\tier3\images\woolsey-fire_00000171_pre_disaster.png
sha256_6b4cb43e5283d6a5,6b4cb43e5283d6a5eb20be0f49a40ce8d38755444d46ed7dce5f595ae2e23c9f,pre,xbd_train_socal_fire_00000660,xbd_tier3_woolsey_fire_00000212,xbd_socal_fire,xbd_woolsey_fire,G:\My Drive\KhoaLuan_Data\data\xBD\train\images\socal-fire_00000660_pre_disaster.png,G:\My Drive\KhoaLuan_Data\data\xBD\Tier3\tier3\tier3\images\woolsey-fire_00000212_pre_disaster.png
sha256_94eae2c03f135842,94eae2c03f1358422fbd75a1185f931b36cd7adf6c2de4641149b13cd8a7044b,pre,xbd_train_socal_fire_00000662,xbd_tier3_woolsey_fire_00000456,xbd_socal_fire,xbd_woolsey_fire,G:\My Drive\KhoaLuan_Data\data\xBD\train\images\socal-fire_00000662_pre_disaster.png,G:\My Drive\KhoaLuan_Data\data\xBD\Tier3\tier3\tier3\images\woolsey-fire_00000456_pre_disaster.png
sha256_2dbae6b536567984,2dbae6b536567984e57c39e4562af4b1c8c4abaaf55055d6cc0f214e02b05a1d,pre,xbd_train_socal_fire_00000663,xbd_tier3_woolsey_fire_00000460,xbd_socal_fire,xbd_woolsey_fire,G:\My Drive\KhoaLuan_Data\data\xBD\train\images\socal-fire_00000663_pre_disaster.png,G:\My Drive\KhoaLuan_Data\data\xBD\Tier3\tier3\tier3\images\woolsey-fire_00000460_pre_disaster.png
sha256_9614b9b0ee62019e,9614b9b0ee62019eca3340bbfb39e49c42fde557471ed9a3b0667b29b3f9648e,pre,xbd_train_socal_fire_00000665,xbd_tier3_woolsey_fire_00000424,xbd_socal_fire,xbd_woolsey_fire,G:\My Drive\KhoaLuan_Data\data\xBD\train\images\socal-fire_00000665_pre_disaster.png,G:\My Drive\KhoaLuan_Data\data\xBD\Tier3\tier3\tier3\images\woolsey-fire_00000424_pre_disaster.png
sha256_b0d9c879c7a6feec,b0d9c879c7a6feec7d8e6e2fa3ababbb69f5eaaaf0ee3c898cbf0f8465c9a26a,pre,xbd_train_socal_fire_00000666,xbd_tier3_woolsey_fire_00000000,xbd_socal_fire,xbd_woolsey_fire,G:\My Drive\KhoaLuan_Data\data\xBD\train\images\socal-fire_00000666_pre_disaster.png,G:\My Drive\KhoaLuan_Data\data\xBD\Tier3\tier3\tier3\images\woolsey-fire_00000000_pre_disaster.png
sha256_833b464426fcc88f,833b464426fcc88f939ef3b8d838dd4ff7b6461eb4b738a539fbfa48c9e11c84,pre,xbd_train_socal_fire_00000671,xbd_tier3_woolsey_fire_00000467,xbd_socal_fire,xbd_woolsey_fire,G:\My Drive\KhoaLuan_Data\data\xBD\train\images\socal-fire_00000671_pre_disaster.png,G:\My Drive\KhoaLuan_Data\data\xBD\Tier3\tier3\tier3\images\woolsey-fire_00000467_pre_disaster.png
sha256_397a3481792b81ca,397a3481792b81cabf8d1286666b3803b21d92759319e4ff036ab009ac323573,pre,xbd_train_socal_fire_00000672,xbd_tier3_woolsey_fire_00000655,xbd_socal_fire,xbd_woolsey_fire,G:\My Drive\KhoaLuan_Data\data\xBD\train\images\socal-fire_00000672_pre_disaster.png,G:\My Drive\KhoaLuan_Data\data\xBD\Tier3\tier3\tier3\images\woolsey-fire_00000655_pre_disaster.png
sha256_2fb18d4ddf86b776,2fb18d4ddf86b776bf223464eef71be16326b10a21d109432872991b03e9bf08,pre,xbd_train_socal_fire_00000679,xbd_tier3_woolsey_fire_00000477,xbd_socal_fire,xbd_woolsey_fire,G:\My Drive\KhoaLuan_Data\data\xBD\train\images\socal-fire_00000679_pre_disaster.png,G:\My Drive\KhoaLuan_Data\data\xBD\Tier3\tier3\tier3\images\woolsey-fire_00000477_pre_disaster.png
sha256_cb6042e4bbc0be10,cb6042e4bbc0be1037a10cc5355342ace9a60ec2289a0dde811c51a5f1031724,pre,xbd_train_socal_fire_00000676,xbd_tier3_woolsey_fire_00000115,xbd_socal_fire,xbd_woolsey_fire,G:\My Drive\KhoaLuan_Data\data\xBD\train\images\socal-fire_00000676_pre_disaster.png,G:\My Drive\KhoaLuan_Data\data\xBD\Tier3\tier3\tier3\images\woolsey-fire_00000115_pre_disaster.png
sha256_f78f56439d6dc103,f78f56439d6dc103ee0477993484342687e574fdae8c3b487d9d01b2fa415f28,pre,xbd_train_socal_fire_00000681,xbd_tier3_woolsey_fire_00000006,xbd_socal_fire,xbd_woolsey_fire,G:\My Drive\KhoaLuan_Data\data\xBD\train\images\socal-fire_00000681_pre_disaster.png,G:\My Drive\KhoaLuan_Data\data\xBD\Tier3\tier3\tier3\images\woolsey-fire_00000006_pre_disaster.png
sha256_a14cce78796cac3e,a14cce78796cac3ecda225fb229a34fe90f540ff2aba80cbf22d9fb604a17508,pre,xbd_train_socal_fire_00000686,xbd_tier3_woolsey_fire_00000490,xbd_socal_fire,xbd_woolsey_fire,G:\My Drive\KhoaLuan_Data\data\xBD\train\images\socal-fire_00000686_pre_disaster.png,G:\My Drive\KhoaLuan_Data\data\xBD\Tier3\tier3\tier3\images\woolsey-fire_00000490_pre_disaster.png
sha256_bc66b4fef5837d62,bc66b4fef5837d621629f6196655cfe93d46472c2d0700fff8a6cb0e1649920c,pre,xbd_train_socal_fire_00000689,xbd_tier3_woolsey_fire_00000492,xbd_socal_fire,xbd_woolsey_fire,G:\My Drive\KhoaLuan_Data\data\xBD\train\images\socal-fire_00000689_pre_disaster.png,G:\My Drive\KhoaLuan_Data\data\xBD\Tier3\tier3\tier3\images\woolsey-fire_00000492_pre_disaster.png
sha256_38d41bc40d783fae,38d41bc40d783fae26dc84b9708adb45c37089f9446ed01dff1f3db6c8c98cd3,pre,xbd_train_socal_fire_00000692,xbd_tier3_woolsey_fire_00000142,xbd_socal_fire,xbd_woolsey_fire,G:\My Drive\KhoaLuan_Data\data\xBD\train\images\socal-fire_00000692_pre_disaster.png,G:\My Drive\KhoaLuan_Data\data\xBD\Tier3\tier3\tier3\images\woolsey-fire_00000142_pre_disaster.png
sha256_01d178d7ce49e2a9,01d178d7ce49e2a9a55dff7de7907903c6da6c0b103fb8ec040f3f7d88c78170,pre,xbd_train_socal_fire_00000693,xbd_tier3_woolsey_fire_00000507,xbd_socal_fire,xbd_woolsey_fire,G:\My Drive\KhoaLuan_Data\data\xBD\train\images\socal-fire_00000693_pre_disaster.png,G:\My Drive\KhoaLuan_Data\data\xBD\Tier3\tier3\tier3\images\woolsey-fire_00000507_pre_disaster.png
sha256_42cd16d071336ed3,42cd16d071336ed35ae1ee5b53c6cbe55f12c9aaced640183f054c820689eb36,pre,xbd_train_socal_fire_00000704,xbd_tier3_woolsey_fire_00000023,xbd_socal_fire,xbd_woolsey_fire,G:\My Drive\KhoaLuan_Data\data\xBD\train\images\socal-fire_00000704_pre_disaster.png,G:\My Drive\KhoaLuan_Data\data\xBD\Tier3\tier3\tier3\images\woolsey-fire_00000023_pre_disaster.png
sha256_bacecc67a67ea612,bacecc67a67ea61282d5945bec3a40acef06e2ab23b1dd4022e817e3eecc2fc0,pre,xbd_train_socal_fire_00000695,xbd_tier3_woolsey_fire_00000015,xbd_socal_fire,xbd_woolsey_fire,G:\My Drive\KhoaLuan_Data\data\xBD\train\images\socal-fire_00000695_pre_disaster.png,G:\My Drive\KhoaLuan_Data\data\xBD\Tier3\tier3\tier3\images\woolsey-fire_00000015_pre_disaster.png
sha256_cff6765c3d94f3ea,cff6765c3d94f3ea5a44aa6cb676b19ddd7d42ead2717221da524e54d514e91c,pre,xbd_train_socal_fire_00000697,xbd_tier3_woolsey_fire_00000511,xbd_socal_fire,xbd_woolsey_fire,G:\My Drive\KhoaLuan_Data\data\xBD\train\images\socal-fire_00000697_pre_disaster.png,G:\My Drive\KhoaLuan_Data\data\xBD\Tier3\tier3\tier3\images\woolsey-fire_00000511_pre_disaster.png
sha256_d270d40f9036fba1,d270d40f9036fba1d931822eecf777d899824091ad912300a14e13aa22b0c54d,pre,xbd_train_socal_fire_00000709,xbd_tier3_woolsey_fire_00000496,xbd_socal_fire,xbd_woolsey_fire,G:\My Drive\KhoaLuan_Data\data\xBD\train\images\socal-fire_00000709_pre_disaster.png,G:\My Drive\KhoaLuan_Data\data\xBD\Tier3\tier3\tier3\images\woolsey-fire_00000496_pre_disaster.png
sha256_a21afd87a8346ab9,a21afd87a8346ab98bc9cf6fe326b101ebeee8bbfd0dca34181f1970dc7336df,pre,xbd_train_socal_fire_00000710,xbd_tier3_woolsey_fire_00000542,xbd_socal_fire,xbd_woolsey_fire,G:\My Drive\KhoaLuan_Data\data\xBD\train\images\socal-fire_00000710_pre_disaster.png,G:\My Drive\KhoaLuan_Data\data\xBD\Tier3\tier3\tier3\images\woolsey-fire_00000542_pre_disaster.png
sha256_949e171b88c4d8a3,949e171b88c4d8a3342739766e67ed3b4457027caf13615b8cc21b30abc05382,pre,xbd_train_socal_fire_00000723,xbd_tier3_woolsey_fire_00000037,xbd_socal_fire,xbd_woolsey_fire,G:\My Drive\KhoaLuan_Data\data\xBD\train\images\socal-fire_00000723_pre_disaster.png,G:\My Drive\KhoaLuan_Data\data\xBD\Tier3\tier3\tier3\images\woolsey-fire_00000037_pre_disaster.png
sha256_fce46abdfdb0e4d1,fce46abdfdb0e4d1dc7b7cbfe7a6721ee5957ba8edfe6666e1c214fc937a71ed,pre,xbd_train_socal_fire_00000727,xbd_tier3_woolsey_fire_00000491,xbd_socal_fire,xbd_woolsey_fire,G:\My Drive\KhoaLuan_Data\data\xBD\train\images\socal-fire_00000727_pre_disaster.png,G:\My Drive\KhoaLuan_Data\data\xBD\Tier3\tier3\tier3\images\woolsey-fire_00000491_pre_disaster.png
sha256_de21a9ada7c64448,de21a9ada7c644484ce5688d6bcdbd1386e731cd48abb6aed85260a58ae18dd2,pre,xbd_train_socal_fire_00000734,xbd_tier3_woolsey_fire_00000572,xbd_socal_fire,xbd_woolsey_fire,G:\My Drive\KhoaLuan_Data\data\xBD\train\images\socal-fire_00000734_pre_disaster.png,G:\My Drive\KhoaLuan_Data\data\xBD\Tier3\tier3\tier3\images\woolsey-fire_00000572_pre_disaster.png
sha256_6375b88219fa9c87,6375b88219fa9c871c830fe96ee48efc53b939af59f3c52def55760ecea9218a,pre,xbd_train_socal_fire_00000715,xbd_tier3_woolsey_fire_00000032,xbd_socal_fire,xbd_woolsey_fire,G:\My Drive\KhoaLuan_Data\data\xBD\train\images\socal-fire_00000715_pre_disaster.png,G:\My Drive\KhoaLuan_Data\data\xBD\Tier3\tier3\tier3\images\woolsey-fire_00000032_pre_disaster.png
sha256_0c43793ab8320557,0c43793ab8320557704ad535915000da979def3c6bfb9f1409fc7af97fb4dffb,pre,xbd_train_socal_fire_00000744,xbd_tier3_woolsey_fire_00000376,xbd_socal_fire,xbd_woolsey_fire,G:\My Drive\KhoaLuan_Data\data\xBD\train\images\socal-fire_00000744_pre_disaster.png,G:\My Drive\KhoaLuan_Data\data\xBD\Tier3\tier3\tier3\images\woolsey-fire_00000376_pre_disaster.png
sha256_c5ec3c3e6eec4849,c5ec3c3e6eec48491701320b13c2259e94072c2966287ad049f4ff68f6e3663d,pre,xbd_train_socal_fire_00000747,xbd_tier3_woolsey_fire_00000587,xbd_socal_fire,xbd_woolsey_fire,G:\My Drive\KhoaLuan_Data\data\xBD\train\images\socal-fire_00000747_pre_disaster.png,G:\My Drive\KhoaLuan_Data\data\xBD\Tier3\tier3\tier3\images\woolsey-fire_00000587_pre_disaster.png
sha256_563b6b095b098525,563b6b095b0985256f8c660db7038f15b4106ac703b1b8fb8cd97e4018f7f6a9,pre,xbd_train_socal_fire_00000748,xbd_tier3_woolsey_fire_00000689,xbd_socal_fire,xbd_woolsey_fire,G:\My Drive\KhoaLuan_Data\data\xBD\train\images\socal-fire_00000748_pre_disaster.png,G:\My Drive\KhoaLuan_Data\data\xBD\Tier3\tier3\tier3\images\woolsey-fire_00000689_pre_disaster.png
sha256_c2d47d499d851a59,c2d47d499d851a59d93d1aeefe50bcc12aec20e7b44fdd63d2a49d602e95d0bc,pre,xbd_train_socal_fire_00000760,xbd_tier3_woolsey_fire_00000386,xbd_socal_fire,xbd_woolsey_fire,G:\My Drive\KhoaLuan_Data\data\xBD\train\images\socal-fire_00000760_pre_disaster.png,G:\My Drive\KhoaLuan_Data\data\xBD\Tier3\tier3\tier3\images\woolsey-fire_00000386_pre_disaster.png
sha256_761659bd859a6d36,761659bd859a6d36ab4260a5fb0346c4715460d244694063318c104e80e08438,pre,xbd_train_socal_fire_00000763,xbd_tier3_woolsey_fire_00000075,xbd_socal_fire,xbd_woolsey_fire,G:\My Drive\KhoaLuan_Data\data\xBD\train\images\socal-fire_00000763_pre_disaster.png,G:\My Drive\KhoaLuan_Data\data\xBD\Tier3\tier3\tier3\images\woolsey-fire_00000075_pre_disaster.png
sha256_b90f6fa8ab1b40d8,b90f6fa8ab1b40d82772567c1b290f024f2dcf4b604390fb42bae15f3a47377b,pre,xbd_train_socal_fire_00000771,xbd_tier3_woolsey_fire_00000296,xbd_socal_fire,xbd_woolsey_fire,G:\My Drive\KhoaLuan_Data\data\xBD\train\images\socal-fire_00000771_pre_disaster.png,G:\My Drive\KhoaLuan_Data\data\xBD\Tier3\tier3\tier3\images\woolsey-fire_00000296_pre_disaster.png
sha256_c2e9a37e6c5147ef,c2e9a37e6c5147efc41e41f984d7d652669f7820864fbd8b6bbfcbcf8279c622,pre,xbd_train_socal_fire_00000774,xbd_tier3_woolsey_fire_00000570,xbd_socal_fire,xbd_woolsey_fire,G:\My Drive\KhoaLuan_Data\data\xBD\train\images\socal-fire_00000774_pre_disaster.png,G:\My Drive\KhoaLuan_Data\data\xBD\Tier3\tier3\tier3\images\woolsey-fire_00000570_pre_disaster.png
sha256_00f4ecabb03f2d3e,00f4ecabb03f2d3eb5b30d30992275bb38ccb79e2cc12e854af22a9c683fcf1f,pre,xbd_train_socal_fire_00000779,xbd_tier3_woolsey_fire_00000540,xbd_socal_fire,xbd_woolsey_fire,G:\My Drive\KhoaLuan_Data\data\xBD\train\images\socal-fire_00000779_pre_disaster.png,G:\My Drive\KhoaLuan_Data\data\xBD\Tier3\tier3\tier3\images\woolsey-fire_00000540_pre_disaster.png
sha256_5690424d1ebd8b08,5690424d1ebd8b0829757dbe8bd4f653c57a37027fa4e43baecf6bc885063b46,pre,xbd_train_socal_fire_00000785,xbd_tier3_woolsey_fire_00000319,xbd_socal_fire,xbd_woolsey_fire,G:\My Drive\KhoaLuan_Data\data\xBD\train\images\socal-fire_00000785_pre_disaster.png,G:\My Drive\KhoaLuan_Data\data\xBD\Tier3\tier3\tier3\images\woolsey-fire_00000319_pre_disaster.png
sha256_0063dd985a6514b3,0063dd985a6514b327af59e0d3c0ca89e886ee56a6c14096621df606a250b4e0,pre,xbd_train_socal_fire_00000788,xbd_tier3_woolsey_fire_00000583,xbd_socal_fire,xbd_woolsey_fire,G:\My Drive\KhoaLuan_Data\data\xBD\train\images\socal-fire_00000788_pre_disaster.png,G:\My Drive\KhoaLuan_Data\data\xBD\Tier3\tier3\tier3\images\woolsey-fire_00000583_pre_disaster.png
sha256_025bbbcc0eb52171,025bbbcc0eb5217199a42a9b762945de585996f8eb9eabbaab82b59b54a0df12,pre,xbd_train_socal_fire_00000791,xbd_tier3_woolsey_fire_00000569,xbd_socal_fire,xbd_woolsey_fire,G:\My Drive\KhoaLuan_Data\data\xBD\train\images\socal-fire_00000791_pre_disaster.png,G:\My Drive\KhoaLuan_Data\data\xBD\Tier3\tier3\tier3\images\woolsey-fire_00000569_pre_disaster.png
sha256_d44ea80319b6ced7,d44ea80319b6ced75777de1814d9c3467d7475abc23fd24989688da28b82f7a5,pre,xbd_train_socal_fire_00000793,xbd_tier3_woolsey_fire_00000552,xbd_socal_fire,xbd_woolsey_fire,G:\My Drive\KhoaLuan_Data\data\xBD\train\images\socal-fire_00000793_pre_disaster.png,G:\My Drive\KhoaLuan_Data\data\xBD\Tier3\tier3\tier3\images\woolsey-fire_00000552_pre_disaster.png
sha256_079b1f36187b9c44,079b1f36187b9c4438d65e324e83ec1dff241ee885cd1372195f7cb87851f085,pre,xbd_train_socal_fire_00000795,xbd_tier3_woolsey_fire_00000243,xbd_socal_fire,xbd_woolsey_fire,G:\My Drive\KhoaLuan_Data\data\xBD\train\images\socal-fire_00000795_pre_disaster.png,G:\My Drive\KhoaLuan_Data\data\xBD\Tier3\tier3\tier3\images\woolsey-fire_00000243_pre_disaster.png
sha256_10109383cb04a6e3,10109383cb04a6e3b2a3c347ec879c29159397e5d834693773a2501734aa510a,pre,xbd_train_socal_fire_00000810,xbd_tier3_woolsey_fire_00000255,xbd_socal_fire,xbd_woolsey_fire,G:\My Drive\KhoaLuan_Data\data\xBD\train\images\socal-fire_00000810_pre_disaster.png,G:\My Drive\KhoaLuan_Data\data\xBD\Tier3\tier3\tier3\images\woolsey-fire_00000255_pre_disaster.png
sha256_55ec5b63168500ba,55ec5b63168500ba40a2a5932c802bef31717e9e2798e2d755833e3e9a9b5fdc,pre,xbd_train_socal_fire_00000819,xbd_tier3_woolsey_fire_00000422,xbd_socal_fire,xbd_woolsey_fire,G:\My Drive\KhoaLuan_Data\data\xBD\train\images\socal-fire_00000819_pre_disaster.png,G:\My Drive\KhoaLuan_Data\data\xBD\Tier3\tier3\tier3\images\woolsey-fire_00000422_pre_disaster.png
sha256_bc7a764fda6445fa,bc7a764fda6445fad07278ad3614a84eee3d2ef32264ef57a6c816037eec3647,pre,xbd_train_socal_fire_00000805,xbd_tier3_woolsey_fire_00000555,xbd_socal_fire,xbd_woolsey_fire,G:\My Drive\KhoaLuan_Data\data\xBD\train\images\socal-fire_00000805_pre_disaster.png,G:\My Drive\KhoaLuan_Data\data\xBD\Tier3\tier3\tier3\images\woolsey-fire_00000555_pre_disaster.png
sha256_39d0c4ba23caa26c,39d0c4ba23caa26c40d591c4e339919769f32fb417732257fb1ab7d033c879ca,pre,xbd_train_socal_fire_00000812,xbd_tier3_woolsey_fire_00000582,xbd_socal_fire,xbd_woolsey_fire,G:\My Drive\KhoaLuan_Data\data\xBD\train\images\socal-fire_00000812_pre_disaster.png,G:\My Drive\KhoaLuan_Data\data\xBD\Tier3\tier3\tier3\images\woolsey-fire_00000582_pre_disaster.png
sha256_313d402226fa4da4,313d402226fa4da4570f8eeac27897754dc9ddc8259af1d6f65d40207d9f216b,pre,xbd_train_socal_fire_00000821,xbd_tier3_woolsey_fire_00000563,xbd_socal_fire,xbd_woolsey_fire,G:\My Drive\KhoaLuan_Data\data\xBD\train\images\socal-fire_00000821_pre_disaster.png,G:\My Drive\KhoaLuan_Data\data\xBD\Tier3\tier3\tier3\images\woolsey-fire_00000563_pre_disaster.png
sha256_bfe1fdaa3fe94a2a,bfe1fdaa3fe94a2aa1cf624a5e090ecc0995c3b616e9f220e8077f22b9dc852b,pre,xbd_train_socal_fire_00000824,xbd_tier3_woolsey_fire_00000265,xbd_socal_fire,xbd_woolsey_fire,G:\My Drive\KhoaLuan_Data\data\xBD\train\images\socal-fire_00000824_pre_disaster.png,G:\My Drive\KhoaLuan_Data\data\xBD\Tier3\tier3\tier3\images\woolsey-fire_00000265_pre_disaster.png
sha256_aba0c282ade05502,aba0c282ade0550288377530b64c6765461120451059e8503d4ad5d7cc10aedd,pre,xbd_train_socal_fire_00000828,xbd_tier3_woolsey_fire_00000355,xbd_socal_fire,xbd_woolsey_fire,G:\My Drive\KhoaLuan_Data\data\xBD\train\images\socal-fire_00000828_pre_disaster.png,G:\My Drive\KhoaLuan_Data\data\xBD\Tier3\tier3\tier3\images\woolsey-fire_00000355_pre_disaster.png
sha256_4442e02f4fcb515e,4442e02f4fcb515eaa2c247b0aea554cac024a1230be4b32edc5c4134c6506f0,pre,xbd_train_socal_fire_00000830,xbd_tier3_woolsey_fire_00000625,xbd_socal_fire,xbd_woolsey_fire,G:\My Drive\KhoaLuan_Data\data\xBD\train\images\socal-fire_00000830_pre_disaster.png,G:\My Drive\KhoaLuan_Data\data\xBD\Tier3\tier3\tier3\images\woolsey-fire_00000625_pre_disaster.png
sha256_ada5eddfdb74231d,ada5eddfdb74231d92e79d1006bc1f5a85a2979bd427248682b05016a3a54805,pre,xbd_train_socal_fire_00000833,xbd_tier3_woolsey_fire_00000602,xbd_socal_fire,xbd_woolsey_fire,G:\My Drive\KhoaLuan_Data\data\xBD\train\images\socal-fire_00000833_pre_disaster.png,G:\My Drive\KhoaLuan_Data\data\xBD\Tier3\tier3\tier3\images\woolsey-fire_00000602_pre_disaster.png
sha256_b38240db28332e21,b38240db28332e21b6633f5f9e6e9a48578452c6059bac7ab59114d80b9ed4f3,pre,xbd_train_socal_fire_00000835,xbd_tier3_woolsey_fire_00000629,xbd_socal_fire,xbd_woolsey_fire,G:\My Drive\KhoaLuan_Data\data\xBD\train\images\socal-fire_00000835_pre_disaster.png,G:\My Drive\KhoaLuan_Data\data\xBD\Tier3\tier3\tier3\images\woolsey-fire_00000629_pre_disaster.png
sha256_4b07460fd4386061,4b07460fd4386061352baecf97cba9e8b08a816272a777751eba2476a2bab763,pre,xbd_train_socal_fire_00000838,xbd_tier3_woolsey_fire_00000577,xbd_socal_fire,xbd_woolsey_fire,G:\My Drive\KhoaLuan_Data\data\xBD\train\images\socal-fire_00000838_pre_disaster.png,G:\My Drive\KhoaLuan_Data\data\xBD\Tier3\tier3\tier3\images\woolsey-fire_00000577_pre_disaster.png
sha256_df0ac9627188c26c,df0ac9627188c26cc5b36363776a594e2e51d027763c1df3bfa7c7098bd30865,pre,xbd_train_socal_fire_00000839,xbd_tier3_woolsey_fire_00000277,xbd_socal_fire,xbd_woolsey_fire,G:\My Drive\KhoaLuan_Data\data\xBD\train\images\socal-fire_00000839_pre_disaster.png,G:\My Drive\KhoaLuan_Data\data\xBD\Tier3\tier3\tier3\images\woolsey-fire_00000277_pre_disaster.png
sha256_56d31961f836ab2c,56d31961f836ab2c836878c8c0c1e7c2c184488eedd903a4ff86829f77ac2770,pre,xbd_train_socal_fire_00000843,xbd_tier3_woolsey_fire_00000369,xbd_socal_fire,xbd_woolsey_fire,G:\My Drive\KhoaLuan_Data\data\xBD\train\images\socal-fire_00000843_pre_disaster.png,G:\My Drive\KhoaLuan_Data\data\xBD\Tier3\tier3\tier3\images\woolsey-fire_00000369_pre_disaster.png
sha256_a2f00e11923ddab1,a2f00e11923ddab18fe5290bc97c1da890464b7e63dc360b14a23618da822418,pre,xbd_train_socal_fire_00000850,xbd_tier3_woolsey_fire_00000451,xbd_socal_fire,xbd_woolsey_fire,G:\My Drive\KhoaLuan_Data\data\xBD\train\images\socal-fire_00000850_pre_disaster.png,G:\My Drive\KhoaLuan_Data\data\xBD\Tier3\tier3\tier3\images\woolsey-fire_00000451_pre_disaster.png
sha256_4e826ea4791dd409,4e826ea4791dd40970ada57f79071eee1057eb392d2a4143d9806e0f682b8858,pre,xbd_train_socal_fire_00000852,xbd_tier3_woolsey_fire_00000619,xbd_socal_fire,xbd_woolsey_fire,G:\My Drive\KhoaLuan_Data\data\xBD\train\images\socal-fire_00000852_pre_disaster.png,G:\My Drive\KhoaLuan_Data\data\xBD\Tier3\tier3\tier3\images\woolsey-fire_00000619_pre_disaster.png
sha256_ecd1a2d99edcfeb6,ecd1a2d99edcfeb6b7fb3a182ff12a514e939a3fcbf32a22c6eddc9bc58f39f7,pre,xbd_train_socal_fire_00000857,xbd_tier3_woolsey_fire_00000290,xbd_socal_fire,xbd_woolsey_fire,G:\My Drive\KhoaLuan_Data\data\xBD\train\images\socal-fire_00000857_pre_disaster.png,G:\My Drive\KhoaLuan_Data\data\xBD\Tier3\tier3\tier3\images\woolsey-fire_00000290_pre_disaster.png
sha256_f0b26220009f19c0,f0b26220009f19c0bcc93e663b2389a214e6dc58a184df75a6ef8cfaf6336443,pre,xbd_train_socal_fire_00000858,xbd_tier3_woolsey_fire_00000384,xbd_socal_fire,xbd_woolsey_fire,G:\My Drive\KhoaLuan_Data\data\xBD\train\images\socal-fire_00000858_pre_disaster.png,G:\My Drive\KhoaLuan_Data\data\xBD\Tier3\tier3\tier3\images\woolsey-fire_00000384_pre_disaster.png
sha256_3583845942508fb7,3583845942508fb7dbe44097138b2230b6b56ba7c1c81a7800f24a3130432d83,pre,xbd_train_socal_fire_00000859,xbd_tier3_woolsey_fire_00000652,xbd_socal_fire,xbd_woolsey_fire,G:\My Drive\KhoaLuan_Data\data\xBD\train\images\socal-fire_00000859_pre_disaster.png,G:\My Drive\KhoaLuan_Data\data\xBD\Tier3\tier3\tier3\images\woolsey-fire_00000652_pre_disaster.png
sha256_fd0f1d861be657ee,fd0f1d861be657ee0adcad2e52f9734ebee68e6e63faa238b6bf837bae55bc3f,pre,xbd_train_socal_fire_00000862,xbd_tier3_woolsey_fire_00000658,xbd_socal_fire,xbd_woolsey_fire,G:\My Drive\KhoaLuan_Data\data\xBD\train\images\socal-fire_00000862_pre_disaster.png,G:\My Drive\KhoaLuan_Data\data\xBD\Tier3\tier3\tier3\images\woolsey-fire_00000658_pre_disaster.png
sha256_16444aa9227136c7,16444aa9227136c70c583491daac417b356a99cb9b6acc19c8117637fb64dfd3,pre,xbd_train_socal_fire_00000865,xbd_tier3_woolsey_fire_00000468,xbd_socal_fire,xbd_woolsey_fire,G:\My Drive\KhoaLuan_Data\data\xBD\train\images\socal-fire_00000865_pre_disaster.png,G:\My Drive\KhoaLuan_Data\data\xBD\Tier3\tier3\tier3\images\woolsey-fire_00000468_pre_disaster.png
sha256_5d404394cd855097,5d404394cd8550976d89137c1cbe973e0ebd073c1a1160ba65aa2b9e0dd781ee,pre,xbd_train_socal_fire_00000861,xbd_tier3_woolsey_fire_00000692,xbd_socal_fire,xbd_woolsey_fire,G:\My Drive\KhoaLuan_Data\data\xBD\train\images\socal-fire_00000861_pre_disaster.png,G:\My Drive\KhoaLuan_Data\data\xBD\Tier3\tier3\tier3\images\woolsey-fire_00000692_pre_disaster.png
sha256_005ab3ddfc88235e,005ab3ddfc88235e21f9b06c122d5d3b5f9cb43be27b8ceb58352644803d3d64,pre,xbd_train_socal_fire_00000867,xbd_tier3_woolsey_fire_00000438,xbd_socal_fire,xbd_woolsey_fire,G:\My Drive\KhoaLuan_Data\data\xBD\train\images\socal-fire_00000867_pre_disaster.png,G:\My Drive\KhoaLuan_Data\data\xBD\Tier3\tier3\tier3\images\woolsey-fire_00000438_pre_disaster.png
sha256_0fef6fb6883eac88,0fef6fb6883eac88f2e2fb7998ba62a5550fca12e07a5822d0d477079a7be06f,pre,xbd_train_socal_fire_00000868,xbd_tier3_woolsey_fire_00000505,xbd_socal_fire,xbd_woolsey_fire,G:\My Drive\KhoaLuan_Data\data\xBD\train\images\socal-fire_00000868_pre_disaster.png,G:\My Drive\KhoaLuan_Data\data\xBD\Tier3\tier3\tier3\images\woolsey-fire_00000505_pre_disaster.png
sha256_bff9a66d7c2f919e,bff9a66d7c2f919e4fb28ae9151c6307416741e31677fa2ab547d1d9102885e6,pre,xbd_train_socal_fire_00000874,xbd_tier3_woolsey_fire_00000703,xbd_socal_fire,xbd_woolsey_fire,G:\My Drive\KhoaLuan_Data\data\xBD\train\images\socal-fire_00000874_pre_disaster.png,G:\My Drive\KhoaLuan_Data\data\xBD\Tier3\tier3\tier3\images\woolsey-fire_00000703_pre_disaster.png
sha256_225d51b7717d4485,225d51b7717d4485209c52e22152b3084fff953ef958f7a82e0be1bf309903a5,pre,xbd_train_socal_fire_00000875,xbd_tier3_woolsey_fire_00000479,xbd_socal_fire,xbd_woolsey_fire,G:\My Drive\KhoaLuan_Data\data\xBD\train\images\socal-fire_00000875_pre_disaster.png,G:\My Drive\KhoaLuan_Data\data\xBD\Tier3\tier3\tier3\images\woolsey-fire_00000479_pre_disaster.png
sha256_dbb65a7bacfd332a,dbb65a7bacfd332a66d1d96fa09db89fc8acbc067983daaf4ea9078a56fa610e,pre,xbd_train_socal_fire_00000873,xbd_tier3_woolsey_fire_00000306,xbd_socal_fire,xbd_woolsey_fire,G:\My Drive\KhoaLuan_Data\data\xBD\train\images\socal-fire_00000873_pre_disaster.png,G:\My Drive\KhoaLuan_Data\data\xBD\Tier3\tier3\tier3\images\woolsey-fire_00000306_pre_disaster.png
sha256_a8077c69993f4b8b,a8077c69993f4b8be28151aa9f55106f570c78a268b4f305f21a65637f792d55,pre,xbd_train_socal_fire_00000876,xbd_tier3_woolsey_fire_00000669,xbd_socal_fire,xbd_woolsey_fire,G:\My Drive\KhoaLuan_Data\data\xBD\train\images\socal-fire_00000876_pre_disaster.png,G:\My Drive\KhoaLuan_Data\data\xBD\Tier3\tier3\tier3\images\woolsey-fire_00000669_pre_disaster.png
sha256_0ac5015f78a77383,0ac5015f78a773834ed5f5a1bf6d80a4652e695ed485da054d7b2ebfcf8d01f9,pre,xbd_train_socal_fire_00000878,xbd_tier3_woolsey_fire_00000613,xbd_socal_fire,xbd_woolsey_fire,G:\My Drive\KhoaLuan_Data\data\xBD\train\images\socal-fire_00000878_pre_disaster.png,G:\My Drive\KhoaLuan_Data\data\xBD\Tier3\tier3\tier3\images\woolsey-fire_00000613_pre_disaster.png
sha256_b050cea07b9a52e3,b050cea07b9a52e3db345c99707ab68860cfc7f660fbf188af26927c82c93452,pre,xbd_train_socal_fire_00000881,xbd_tier3_woolsey_fire_00000450,xbd_socal_fire,xbd_woolsey_fire,G:\My Drive\KhoaLuan_Data\data\xBD\train\images\socal-fire_00000881_pre_disaster.png,G:\My Drive\KhoaLuan_Data\data\xBD\Tier3\tier3\tier3\images\woolsey-fire_00000450_pre_disaster.png
sha256_39eedd21f8779892,39eedd21f87798921d44b560b989563fe97e47ddb36c3bad007060e804d5f535,pre,xbd_train_socal_fire_00000880,xbd_tier3_woolsey_fire_00000350,xbd_socal_fire,xbd_woolsey_fire,G:\My Drive\KhoaLuan_Data\data\xBD\train\images\socal-fire_00000880_pre_disaster.png,G:\My Drive\KhoaLuan_Data\data\xBD\Tier3\tier3\tier3\images\woolsey-fire_00000350_pre_disaster.png
sha256_4ba206dd49e04186,4ba206dd49e04186cd69b946bd2d7f55553c9d740f744c042b5e40f8bef3727f,pre,xbd_train_socal_fire_00000884,xbd_tier3_woolsey_fire_00000676,xbd_socal_fire,xbd_woolsey_fire,G:\My Drive\KhoaLuan_Data\data\xBD\train\images\socal-fire_00000884_pre_disaster.png,G:\My Drive\KhoaLuan_Data\data\xBD\Tier3\tier3\tier3\images\woolsey-fire_00000676_pre_disaster.png
sha256_35390e410c7a9296,35390e410c7a92960c2d5721b84bbaca5d13ee6d0a1c720c2488dc56a0bf709d,pre,xbd_train_socal_fire_00000886,xbd_tier3_woolsey_fire_00000320,xbd_socal_fire,xbd_woolsey_fire,G:\My Drive\KhoaLuan_Data\data\xBD\train\images\socal-fire_00000886_pre_disaster.png,G:\My Drive\KhoaLuan_Data\data\xBD\Tier3\tier3\tier3\images\woolsey-fire_00000320_pre_disaster.png
sha256_3a52853853d2e0a8,3a52853853d2e0a8432a8274b5aecbcd76d1d19a7b9294c84bbc6169eeaa4fa7,pre,xbd_train_socal_fire_00000888,xbd_tier3_woolsey_fire_00000650,xbd_socal_fire,xbd_woolsey_fire,G:\My Drive\KhoaLuan_Data\data\xBD\train\images\socal-fire_00000888_pre_disaster.png,G:\My Drive\KhoaLuan_Data\data\xBD\Tier3\tier3\tier3\images\woolsey-fire_00000650_pre_disaster.png
sha256_5a440a5171f0439b,5a440a5171f0439bb7fd4422024a104f4faf184080b949ad992dcad407b7a0a1,pre,xbd_train_socal_fire_00000891,xbd_tier3_woolsey_fire_00000538,xbd_socal_fire,xbd_woolsey_fire,G:\My Drive\KhoaLuan_Data\data\xBD\train\images\socal-fire_00000891_pre_disaster.png,G:\My Drive\KhoaLuan_Data\data\xBD\Tier3\tier3\tier3\images\woolsey-fire_00000538_pre_disaster.png
sha256_0e38052716d6d977,0e38052716d6d977a2fb2ca07d75de8a9e63ac9328f4ae3c5f5b0e4031d918df,pre,xbd_train_socal_fire_00000895,xbd_tier3_woolsey_fire_00000465,xbd_socal_fire,xbd_woolsey_fire,G:\My Drive\KhoaLuan_Data\data\xBD\train\images\socal-fire_00000895_pre_disaster.png,G:\My Drive\KhoaLuan_Data\data\xBD\Tier3\tier3\tier3\images\woolsey-fire_00000465_pre_disaster.png
sha256_7f641662de88a460,7f641662de88a4607b7d5e60f9bc6b661c2f4b9f5bf1d879dc677d996667ceb5,pre,xbd_train_socal_fire_00000904,xbd_tier3_woolsey_fire_00000693,xbd_socal_fire,xbd_woolsey_fire,G:\My Drive\KhoaLuan_Data\data\xBD\train\images\socal-fire_00000904_pre_disaster.png,G:\My Drive\KhoaLuan_Data\data\xBD\Tier3\tier3\tier3\images\woolsey-fire_00000693_pre_disaster.png
sha256_1418ee1cebd36ce0,1418ee1cebd36ce051ad4008771abc6b67806a360d6fdd8dab5efa1ed3c45de4,pre,xbd_train_socal_fire_00000897,xbd_tier3_woolsey_fire_00000624,xbd_socal_fire,xbd_woolsey_fire,G:\My Drive\KhoaLuan_Data\data\xBD\train\images\socal-fire_00000897_pre_disaster.png,G:\My Drive\KhoaLuan_Data\data\xBD\Tier3\tier3\tier3\images\woolsey-fire_00000624_pre_disaster.png
sha256_04a51c6b4a792eea,04a51c6b4a792eeaab764df51f3863586a644861e8b22a1c6a85f880f68289d4,pre,xbd_train_socal_fire_00000906,xbd_tier3_woolsey_fire_00000660,xbd_socal_fire,xbd_woolsey_fire,G:\My Drive\KhoaLuan_Data\data\xBD\train\images\socal-fire_00000906_pre_disaster.png,G:\My Drive\KhoaLuan_Data\data\xBD\Tier3\tier3\tier3\images\woolsey-fire_00000660_pre_disaster.png
sha256_99015e8acb2031b5,99015e8acb2031b5eda1b6d31624d3a8262a77fdb47aafbe08b32f17487a7d9e,pre,xbd_train_socal_fire_00000907,xbd_tier3_woolsey_fire_00000558,xbd_socal_fire,xbd_woolsey_fire,G:\My Drive\KhoaLuan_Data\data\xBD\train\images\socal-fire_00000907_pre_disaster.png,G:\My Drive\KhoaLuan_Data\data\xBD\Tier3\tier3\tier3\images\woolsey-fire_00000558_pre_disaster.png
sha256_1733cfe826a708ab,1733cfe826a708abcc4c3854f8a5fc5b77a9f0c1a40f9f93ce1036770d242bd4,pre,xbd_train_socal_fire_00000909,xbd_tier3_woolsey_fire_00000370,xbd_socal_fire,xbd_woolsey_fire,G:\My Drive\KhoaLuan_Data\data\xBD\train\images\socal-fire_00000909_pre_disaster.png,G:\My Drive\KhoaLuan_Data\data\xBD\Tier3\tier3\tier3\images\woolsey-fire_00000370_pre_disaster.png
sha256_fc66ba90fab952af,fc66ba90fab952af4144528be4000fc8bf6d25acfebab7e01857cfa332522f06,pre,xbd_train_socal_fire_00000916,xbd_tier3_woolsey_fire_00000343,xbd_socal_fire,xbd_woolsey_fire,G:\My Drive\KhoaLuan_Data\data\xBD\train\images\socal-fire_00000916_pre_disaster.png,G:\My Drive\KhoaLuan_Data\data\xBD\Tier3\tier3\tier3\images\woolsey-fire_00000343_pre_disaster.png
sha256_cb8ba928981a7383,cb8ba928981a73833fe05bae239840fbc6212de82c1d842d94028e83db71150e,pre,xbd_train_socal_fire_00000913,xbd_tier3_woolsey_fire_00000728,xbd_socal_fire,xbd_woolsey_fire,G:\My Drive\KhoaLuan_Data\data\xBD\train\images\socal-fire_00000913_pre_disaster.png,G:\My Drive\KhoaLuan_Data\data\xBD\Tier3\tier3\tier3\images\woolsey-fire_00000728_pre_disaster.png
sha256_d456337033b7ea12,d456337033b7ea122e763565def938199921c214065867a2e8bb71aadc6ae6fe,pre,xbd_train_socal_fire_00000917,xbd_tier3_woolsey_fire_00000634,xbd_socal_fire,xbd_woolsey_fire,G:\My Drive\KhoaLuan_Data\data\xBD\train\images\socal-fire_00000917_pre_disaster.png,G:\My Drive\KhoaLuan_Data\data\xBD\Tier3\tier3\tier3\images\woolsey-fire_00000634_pre_disaster.png
sha256_d2fb991f7bdb742d,d2fb991f7bdb742d6f183efd2730a7c18c4f01fd4cdad0be9516cfd8be7d9dbb,pre,xbd_train_socal_fire_00000923,xbd_tier3_woolsey_fire_00000385,xbd_socal_fire,xbd_woolsey_fire,G:\My Drive\KhoaLuan_Data\data\xBD\train\images\socal-fire_00000923_pre_disaster.png,G:\My Drive\KhoaLuan_Data\data\xBD\Tier3\tier3\tier3\images\woolsey-fire_00000385_pre_disaster.png
sha256_6eaac097c62a5b2d,6eaac097c62a5b2d37c729472c519072a568a7048bbbfb193f37ccc04d63df01,pre,xbd_train_socal_fire_00000933,xbd_tier3_woolsey_fire_00000667,xbd_socal_fire,xbd_woolsey_fire,G:\My Drive\KhoaLuan_Data\data\xBD\train\images\socal-fire_00000933_pre_disaster.png,G:\My Drive\KhoaLuan_Data\data\xBD\Tier3\tier3\tier3\images\woolsey-fire_00000667_pre_disaster.png
sha256_1f367528c24fb01c,1f367528c24fb01c8ab4f4d2d953b29adbc721cca338d7fe15fda92fbb544307,pre,xbd_train_socal_fire_00000940,xbd_tier3_woolsey_fire_00000742,xbd_socal_fire,xbd_woolsey_fire,G:\My Drive\KhoaLuan_Data\data\xBD\train\images\socal-fire_00000940_pre_disaster.png,G:\My Drive\KhoaLuan_Data\data\xBD\Tier3\tier3\tier3\images\woolsey-fire_00000742_pre_disaster.png
sha256_7250b1df0882e11b,7250b1df0882e11b892c005023b4fb7f0b90ee955515d5ed8bb3ce83a0cf7926,pre,xbd_train_socal_fire_00000938,xbd_tier3_woolsey_fire_00000713,xbd_socal_fire,xbd_woolsey_fire,G:\My Drive\KhoaLuan_Data\data\xBD\train\images\socal-fire_00000938_pre_disaster.png,G:\My Drive\KhoaLuan_Data\data\xBD\Tier3\tier3\tier3\images\woolsey-fire_00000713_pre_disaster.png
sha256_5572ce462438fe39,5572ce462438fe39a51f1727aeaa2996b848dd1562b4fd41b0379a25eba6110a,pre,xbd_train_socal_fire_00000932,xbd_tier3_woolsey_fire_00000357,xbd_socal_fire,xbd_woolsey_fire,G:\My Drive\KhoaLuan_Data\data\xBD\train\images\socal-fire_00000932_pre_disaster.png,G:\My Drive\KhoaLuan_Data\data\xBD\Tier3\tier3\tier3\images\woolsey-fire_00000357_pre_disaster.png
sha256_f92b91865135c719,f92b91865135c719cbd58ebd9313cfe76b107ea022100059d0ee32dcf4e7cc4f,pre,xbd_train_socal_fire_00000947,xbd_tier3_woolsey_fire_00000588,xbd_socal_fire,xbd_woolsey_fire,G:\My Drive\KhoaLuan_Data\data\xBD\train\images\socal-fire_00000947_pre_disaster.png,G:\My Drive\KhoaLuan_Data\data\xBD\Tier3\tier3\tier3\images\woolsey-fire_00000588_pre_disaster.png
sha256_98476b48b4827d95,98476b48b4827d951b83272502283f0e926f4f688420a5a07be0dac62fd84a05,pre,xbd_train_socal_fire_00000951,xbd_tier3_woolsey_fire_00000678,xbd_socal_fire,xbd_woolsey_fire,G:\My Drive\KhoaLuan_Data\data\xBD\train\images\socal-fire_00000951_pre_disaster.png,G:\My Drive\KhoaLuan_Data\data\xBD\Tier3\tier3\tier3\images\woolsey-fire_00000678_pre_disaster.png
sha256_bcdfde2086b03a20,bcdfde2086b03a2010d9300d322528f761fd5793b83df89606a70ebf7779b6f3,pre,xbd_train_socal_fire_00000949,xbd_tier3_woolsey_fire_00000688,xbd_socal_fire,xbd_woolsey_fire,G:\My Drive\KhoaLuan_Data\data\xBD\train\images\socal-fire_00000949_pre_disaster.png,G:\My Drive\KhoaLuan_Data\data\xBD\Tier3\tier3\tier3\images\woolsey-fire_00000688_pre_disaster.png
sha256_579f4e2933c99b85,579f4e2933c99b85fa27e897b07871f806f742e4cf9bde039959ed44ea04d5df,pre,xbd_train_socal_fire_00000955,xbd_tier3_woolsey_fire_00000750,xbd_socal_fire,xbd_woolsey_fire,G:\My Drive\KhoaLuan_Data\data\xBD\train\images\socal-fire_00000955_pre_disaster.png,G:\My Drive\KhoaLuan_Data\data\xBD\Tier3\tier3\tier3\images\woolsey-fire_00000750_pre_disaster.png
sha256_646f6d9082e46a54,646f6d9082e46a54d81c24689dd4da9ece6d7714caf92ae001b0e35ff7766d95,pre,xbd_train_socal_fire_00000957,xbd_tier3_woolsey_fire_00000657,xbd_socal_fire,xbd_woolsey_fire,G:\My Drive\KhoaLuan_Data\data\xBD\train\images\socal-fire_00000957_pre_disaster.png,G:\My Drive\KhoaLuan_Data\data\xBD\Tier3\tier3\tier3\images\woolsey-fire_00000657_pre_disaster.png
sha256_a8baa6cb971c6d4c,a8baa6cb971c6d4c6ea8528608d4073a2e56bc85395460cdc05b2bea13459601,pre,xbd_train_socal_fire_00000962,xbd_tier3_woolsey_fire_00000388,xbd_socal_fire,xbd_woolsey_fire,G:\My Drive\KhoaLuan_Data\data\xBD\train\images\socal-fire_00000962_pre_disaster.png,G:\My Drive\KhoaLuan_Data\data\xBD\Tier3\tier3\tier3\images\woolsey-fire_00000388_pre_disaster.png
sha256_5456a58fc365ce16,5456a58fc365ce16966d1ab436ae6fccb90a6b2836495183ae00b122a352225c,pre,xbd_train_socal_fire_00000968,xbd_tier3_woolsey_fire_00000690,xbd_socal_fire,xbd_woolsey_fire,G:\My Drive\KhoaLuan_Data\data\xBD\train\images\socal-fire_00000968_pre_disaster.png,G:\My Drive\KhoaLuan_Data\data\xBD\Tier3\tier3\tier3\images\woolsey-fire_00000690_pre_disaster.png
sha256_7c72af55dbe752fc,7c72af55dbe752fcdff95755a1255465b9908f6227bfdab56d4b66e6c183dfbd,pre,xbd_train_socal_fire_00000969,xbd_tier3_woolsey_fire_00000757,xbd_socal_fire,xbd_woolsey_fire,G:\My Drive\KhoaLuan_Data\data\xBD\train\images\socal-fire_00000969_pre_disaster.png,G:\My Drive\KhoaLuan_Data\data\xBD\Tier3\tier3\tier3\images\woolsey-fire_00000757_pre_disaster.png
sha256_19690e672d1f5a4b,19690e672d1f5a4b0257fd807fef9a8bfe868da37d820de2b587ac9af1a198c5,pre,xbd_train_socal_fire_00000971,xbd_tier3_woolsey_fire_00000727,xbd_socal_fire,xbd_woolsey_fire,G:\My Drive\KhoaLuan_Data\data\xBD\train\images\socal-fire_00000971_pre_disaster.png,G:\My Drive\KhoaLuan_Data\data\xBD\Tier3\tier3\tier3\images\woolsey-fire_00000727_pre_disaster.png
sha256_a0e8c6ec86803369,a0e8c6ec86803369f7daaae8195c192b4b15e16d1e25e63e07ac62d7ee4a262d,pre,xbd_train_socal_fire_00000972,xbd_tier3_woolsey_fire_00000702,xbd_socal_fire,xbd_woolsey_fire,G:\My Drive\KhoaLuan_Data\data\xBD\train\images\socal-fire_00000972_pre_disaster.png,G:\My Drive\KhoaLuan_Data\data\xBD\Tier3\tier3\tier3\images\woolsey-fire_00000702_pre_disaster.png
sha256_6d777f4210003834,6d777f421000383497fda10e5ad648ee2f20004033b8169333c2f356104968c8,pre,xbd_train_socal_fire_00000979,xbd_tier3_woolsey_fire_00000665,xbd_socal_fire,xbd_woolsey_fire,G:\My Drive\KhoaLuan_Data\data\xBD\train\images\socal-fire_00000979_pre_disaster.png,G:\My Drive\KhoaLuan_Data\data\xBD\Tier3\tier3\tier3\images\woolsey-fire_00000665_pre_disaster.png
sha256_6bbe638b75fb25fc,6bbe638b75fb25fca8409d32ba49e1d5c96835616eb621c3d46ac8dc035b474b,pre,xbd_train_socal_fire_00000984,xbd_tier3_woolsey_fire_00000764,xbd_socal_fire,xbd_woolsey_fire,G:\My Drive\KhoaLuan_Data\data\xBD\train\images\socal-fire_00000984_pre_disaster.png,G:\My Drive\KhoaLuan_Data\data\xBD\Tier3\tier3\tier3\images\woolsey-fire_00000764_pre_disaster.png
sha256_62033d02fa67a287,62033d02fa67a28722a64f5f1e2299dcf8efba2e65e60909563977b0ecf94c18,pre,xbd_train_socal_fire_00000985,xbd_tier3_woolsey_fire_00000735,xbd_socal_fire,xbd_woolsey_fire,G:\My Drive\KhoaLuan_Data\data\xBD\train\images\socal-fire_00000985_pre_disaster.png,G:\My Drive\KhoaLuan_Data\data\xBD\Tier3\tier3\tier3\images\woolsey-fire_00000735_pre_disaster.png
sha256_c794c0ca5ed50fb0,c794c0ca5ed50fb0d4274405a92a37c0339ec91f00c473218328b4e6342e86fd,pre,xbd_train_socal_fire_00000992,xbd_tier3_woolsey_fire_00000744,xbd_socal_fire,xbd_woolsey_fire,G:\My Drive\KhoaLuan_Data\data\xBD\train\images\socal-fire_00000992_pre_disaster.png,G:\My Drive\KhoaLuan_Data\data\xBD\Tier3\tier3\tier3\images\woolsey-fire_00000744_pre_disaster.png
sha256_fb7bcc97d30045dd,fb7bcc97d30045ddf35ddd89ee1a65ffc3abbfd441e5c790a3abf76190d5058e,pre,xbd_train_socal_fire_00000994,xbd_tier3_woolsey_fire_00000770,xbd_socal_fire,xbd_woolsey_fire,G:\My Drive\KhoaLuan_Data\data\xBD\train\images\socal-fire_00000994_pre_disaster.png,G:\My Drive\KhoaLuan_Data\data\xBD\Tier3\tier3\tier3\images\woolsey-fire_00000770_pre_disaster.png
sha256_a13fbebe95c15169,a13fbebe95c15169d00c573a7d4158ffabed22182da43f2ad2391bcd1b02f1a8,pre,xbd_train_socal_fire_00000998,xbd_tier3_woolsey_fire_00000681,xbd_socal_fire,xbd_woolsey_fire,G:\My Drive\KhoaLuan_Data\data\xBD\train\images\socal-fire_00000998_pre_disaster.png,G:\My Drive\KhoaLuan_Data\data\xBD\Tier3\tier3\tier3\images\woolsey-fire_00000681_pre_disaster.png
sha256_7d80123ec84ed2f9,7d80123ec84ed2f9949255ef14ef75e9345f246054f76bc78d49dd91b234f1d8,pre,xbd_train_socal_fire_00001001,xbd_tier3_woolsey_fire_00000585,xbd_socal_fire,xbd_woolsey_fire,G:\My Drive\KhoaLuan_Data\data\xBD\train\images\socal-fire_00001001_pre_disaster.png,G:\My Drive\KhoaLuan_Data\data\xBD\Tier3\tier3\tier3\images\woolsey-fire_00000585_pre_disaster.png
sha256_dfcbd8c435e5b626,dfcbd8c435e5b62608f1a5c2568de921d5356b965cc077c65a7340099d399624,pre,xbd_train_socal_fire_00001003,xbd_tier3_woolsey_fire_00000751,xbd_socal_fire,xbd_woolsey_fire,G:\My Drive\KhoaLuan_Data\data\xBD\train\images\socal-fire_00001003_pre_disaster.png,G:\My Drive\KhoaLuan_Data\data\xBD\Tier3\tier3\tier3\images\woolsey-fire_00000751_pre_disaster.png
sha256_e88993c0ae291db0,e88993c0ae291db06c8ad217cdbd3772eda5f7d7d777fa5437f5063be756b57a,pre,xbd_train_socal_fire_00001007,xbd_tier3_woolsey_fire_00000730,xbd_socal_fire,xbd_woolsey_fire,G:\My Drive\KhoaLuan_Data\data\xBD\train\images\socal-fire_00001007_pre_disaster.png,G:\My Drive\KhoaLuan_Data\data\xBD\Tier3\tier3\tier3\images\woolsey-fire_00000730_pre_disaster.png
sha256_0b1c954a373bca76,0b1c954a373bca7638ef4a20d019483db33c0f0c753af7f0c685bb1943c4cd35,pre,xbd_train_socal_fire_00001016,xbd_tier3_woolsey_fire_00000760,xbd_socal_fire,xbd_woolsey_fire,G:\My Drive\KhoaLuan_Data\data\xBD\train\images\socal-fire_00001016_pre_disaster.png,G:\My Drive\KhoaLuan_Data\data\xBD\Tier3\tier3\tier3\images\woolsey-fire_00000760_pre_disaster.png
sha256_965903f387351914,965903f387351914d671645e110e0f0f9277aba9b1cbf23926d2d897c73b5023,pre,xbd_train_socal_fire_00001035,xbd_tier3_woolsey_fire_00000623,xbd_socal_fire,xbd_woolsey_fire,G:\My Drive\KhoaLuan_Data\data\xBD\train\images\socal-fire_00001035_pre_disaster.png,G:\My Drive\KhoaLuan_Data\data\xBD\Tier3\tier3\tier3\images\woolsey-fire_00000623_pre_disaster.png
sha256_69a47ad59512de04,69a47ad59512de0491bec3aabbb100133f754fcca1c5e6266cb3b55b911ead7d,pre,xbd_train_socal_fire_00001028,xbd_tier3_woolsey_fire_00000768,xbd_socal_fire,xbd_woolsey_fire,G:\My Drive\KhoaLuan_Data\data\xBD\train\images\socal-fire_00001028_pre_disaster.png,G:\My Drive\KhoaLuan_Data\data\xBD\Tier3\tier3\tier3\images\woolsey-fire_00000768_pre_disaster.png
sha256_1aaf748fa4795885,1aaf748fa4795885238f5d8af78d2a3b5193a58fe93cb2bf2bcfe1b052eee5e6,pre,xbd_train_socal_fire_00001039,xbd_tier3_woolsey_fire_00000733,xbd_socal_fire,xbd_woolsey_fire,G:\My Drive\KhoaLuan_Data\data\xBD\train\images\socal-fire_00001039_pre_disaster.png,G:\My Drive\KhoaLuan_Data\data\xBD\Tier3\tier3\tier3\images\woolsey-fire_00000733_pre_disaster.png
sha256_25ad45e14fe96d52,25ad45e14fe96d52ab140e245b4bdba85c9228458234cb8aca44ea30ce808ca3,pre,xbd_train_socal_fire_00001045,xbd_tier3_woolsey_fire_00000778,xbd_socal_fire,xbd_woolsey_fire,G:\My Drive\KhoaLuan_Data\data\xBD\train\images\socal-fire_00001045_pre_disaster.png,G:\My Drive\KhoaLuan_Data\data\xBD\Tier3\tier3\tier3\images\woolsey-fire_00000778_pre_disaster.png
sha256_559df848b05fb673,559df848b05fb673057921eb9163236488e1fe4fd8968fc8089035ac7ec9eb4a,pre,xbd_train_socal_fire_00001043,xbd_tier3_woolsey_fire_00000708,xbd_socal_fire,xbd_woolsey_fire,G:\My Drive\KhoaLuan_Data\data\xBD\train\images\socal-fire_00001043_pre_disaster.png,G:\My Drive\KhoaLuan_Data\data\xBD\Tier3\tier3\tier3\images\woolsey-fire_00000708_pre_disaster.png
sha256_1c0eb5379dd4611c,1c0eb5379dd4611cdf30ea293e47387eba80f226feaa443bb0c284461b2d29d6,pre,xbd_train_socal_fire_00001047,xbd_tier3_woolsey_fire_00000632,xbd_socal_fire,xbd_woolsey_fire,G:\My Drive\KhoaLuan_Data\data\xBD\train\images\socal-fire_00001047_pre_disaster.png,G:\My Drive\KhoaLuan_Data\data\xBD\Tier3\tier3\tier3\images\woolsey-fire_00000632_pre_disaster.png
sha256_4ab90981b69a67f4,4ab90981b69a67f428f22298a667044686d8216711a8ee083ecff892d7fa5529,pre,xbd_train_socal_fire_00001049,xbd_tier3_woolsey_fire_00000707,xbd_socal_fire,xbd_woolsey_fire,G:\My Drive\KhoaLuan_Data\data\xBD\train\images\socal-fire_00001049_pre_disaster.png,G:\My Drive\KhoaLuan_Data\data\xBD\Tier3\tier3\tier3\images\woolsey-fire_00000707_pre_disaster.png
sha256_d5310edbbf3d4665,d5310edbbf3d4665faa9d178bd21295f9576790753bd22893c5d8fecfe7e3843,pre,xbd_train_socal_fire_00001055,xbd_tier3_woolsey_fire_00000717,xbd_socal_fire,xbd_woolsey_fire,G:\My Drive\KhoaLuan_Data\data\xBD\train\images\socal-fire_00001055_pre_disaster.png,G:\My Drive\KhoaLuan_Data\data\xBD\Tier3\tier3\tier3\images\woolsey-fire_00000717_pre_disaster.png
sha256_48fa1f9cacf0e890,48fa1f9cacf0e89000a25541256441496c6a66c203b1d913eef8b66b43df5623,pre,xbd_train_socal_fire_00001058,xbd_tier3_woolsey_fire_00000645,xbd_socal_fire,xbd_woolsey_fire,G:\My Drive\KhoaLuan_Data\data\xBD\train\images\socal-fire_00001058_pre_disaster.png,G:\My Drive\KhoaLuan_Data\data\xBD\Tier3\tier3\tier3\images\woolsey-fire_00000645_pre_disaster.png
sha256_98bd8030734aa36f,98bd8030734aa36ff48695254f7483e8ed7dcd12736f3ad4bbe490086281f0d4,pre,xbd_train_socal_fire_00001075,xbd_tier3_woolsey_fire_00000755,xbd_socal_fire,xbd_woolsey_fire,G:\My Drive\KhoaLuan_Data\data\xBD\train\images\socal-fire_00001075_pre_disaster.png,G:\My Drive\KhoaLuan_Data\data\xBD\Tier3\tier3\tier3\images\woolsey-fire_00000755_pre_disaster.png
sha256_d190457236a1c827,d190457236a1c827a61c22cc5c320f7c3e110e72a5bb6dd84d246e23e76c5dc2,pre,xbd_train_socal_fire_00001077,xbd_tier3_woolsey_fire_00000731,xbd_socal_fire,xbd_woolsey_fire,G:\My Drive\KhoaLuan_Data\data\xBD\train\images\socal-fire_00001077_pre_disaster.png,G:\My Drive\KhoaLuan_Data\data\xBD\Tier3\tier3\tier3\images\woolsey-fire_00000731_pre_disaster.png
sha256_e51ec95b4db8bf39,e51ec95b4db8bf39fbbb439b2e58a77cd9ee6de7933e5362b2bc2329bf56475d,pre,xbd_train_socal_fire_00001078,xbd_tier3_woolsey_fire_00000822,xbd_socal_fire,xbd_woolsey_fire,G:\My Drive\KhoaLuan_Data\data\xBD\train\images\socal-fire_00001078_pre_disaster.png,G:\My Drive\KhoaLuan_Data\data\xBD\Tier3\tier3\tier3\images\woolsey-fire_00000822_pre_disaster.png
sha256_37edd9489e66587a,37edd9489e66587abd60ba42c86009c614ed052676bf5577b9fc4e809e3735b5,pre,xbd_train_socal_fire_00001083,xbd_tier3_woolsey_fire_00000798,xbd_socal_fire,xbd_woolsey_fire,G:\My Drive\KhoaLuan_Data\data\xBD\train\images\socal-fire_00001083_pre_disaster.png,G:\My Drive\KhoaLuan_Data\data\xBD\Tier3\tier3\tier3\images\woolsey-fire_00000798_pre_disaster.png
sha256_56b57155a76fc7f1,56b57155a76fc7f1b4b7d549b45d2898201765e8ba59c48f1a6c9cb077f24a00,pre,xbd_train_socal_fire_00001085,xbd_tier3_woolsey_fire_00000763,xbd_socal_fire,xbd_woolsey_fire,G:\My Drive\KhoaLuan_Data\data\xBD\train\images\socal-fire_00001085_pre_disaster.png,G:\My Drive\KhoaLuan_Data\data\xBD\Tier3\tier3\tier3\images\woolsey-fire_00000763_pre_disaster.png
sha256_4725096f3c1a4a77,4725096f3c1a4a77ba8f566ff70e3b64fab69d03894315205948fc73af155377,pre,xbd_train_socal_fire_00001082,xbd_tier3_woolsey_fire_00000787,xbd_socal_fire,xbd_woolsey_fire,G:\My Drive\KhoaLuan_Data\data\xBD\train\images\socal-fire_00001082_pre_disaster.png,G:\My Drive\KhoaLuan_Data\data\xBD\Tier3\tier3\tier3\images\woolsey-fire_00000787_pre_disaster.png
sha256_c1cd75b7c7443029,c1cd75b7c744302980bee35455669f93f71904d2af6dcb06bf88f39160678eb9,pre,xbd_train_socal_fire_00001104,xbd_tier3_woolsey_fire_00000833,xbd_socal_fire,xbd_woolsey_fire,G:\My Drive\KhoaLuan_Data\data\xBD\train\images\socal-fire_00001104_pre_disaster.png,G:\My Drive\KhoaLuan_Data\data\xBD\Tier3\tier3\tier3\images\woolsey-fire_00000833_pre_disaster.png
sha256_eeef507e61df3a94,eeef507e61df3a94667620bfb529edf2741e346536844bc4de37bcbb9ef1e0f5,pre,xbd_train_socal_fire_00001092,xbd_tier3_woolsey_fire_00000827,xbd_socal_fire,xbd_woolsey_fire,G:\My Drive\KhoaLuan_Data\data\xBD\train\images\socal-fire_00001092_pre_disaster.png,G:\My Drive\KhoaLuan_Data\data\xBD\Tier3\tier3\tier3\images\woolsey-fire_00000827_pre_disaster.png
sha256_28ad86e82e10a416,28ad86e82e10a416859aac071c4e3682b8f2ffeaa71a84ee181bab2799498d45,pre,xbd_train_socal_fire_00001106,xbd_tier3_woolsey_fire_00000746,xbd_socal_fire,xbd_woolsey_fire,G:\My Drive\KhoaLuan_Data\data\xBD\train\images\socal-fire_00001106_pre_disaster.png,G:\My Drive\KhoaLuan_Data\data\xBD\Tier3\tier3\tier3\images\woolsey-fire_00000746_pre_disaster.png
sha256_82d9f4d9284639b8,82d9f4d9284639b825825fb84c526498b8f66bb6a5e69eab5b3b5c65e614aa3c,pre,xbd_train_socal_fire_00001113,xbd_tier3_woolsey_fire_00000810,xbd_socal_fire,xbd_woolsey_fire,G:\My Drive\KhoaLuan_Data\data\xBD\train\images\socal-fire_00001113_pre_disaster.png,G:\My Drive\KhoaLuan_Data\data\xBD\Tier3\tier3\tier3\images\woolsey-fire_00000810_pre_disaster.png
sha256_7b33f29c4ceb4198,7b33f29c4ceb4198926da9cbcff080ae26a3b0a592b677fcd8c043b239e37e05,pre,xbd_train_socal_fire_00001120,xbd_tier3_woolsey_fire_00000756,xbd_socal_fire,xbd_woolsey_fire,G:\My Drive\KhoaLuan_Data\data\xBD\train\images\socal-fire_00001120_pre_disaster.png,G:\My Drive\KhoaLuan_Data\data\xBD\Tier3\tier3\tier3\images\woolsey-fire_00000756_pre_disaster.png
sha256_40f138e88855b9b6,40f138e88855b9b6741d91fdff950fb0b0f64048ec0a2daed393538eb5b6e5eb,pre,xbd_train_socal_fire_00001135,xbd_tier3_woolsey_fire_00000765,xbd_socal_fire,xbd_woolsey_fire,G:\My Drive\KhoaLuan_Data\data\xBD\train\images\socal-fire_00001135_pre_disaster.png,G:\My Drive\KhoaLuan_Data\data\xBD\Tier3\tier3\tier3\images\woolsey-fire_00000765_pre_disaster.png
sha256_6c8f4f345ab42de8,6c8f4f345ab42de81439800232138ffaf6d7373ff57c209672f47ab65608359a,pre,xbd_train_socal_fire_00001140,xbd_tier3_woolsey_fire_00000788,xbd_socal_fire,xbd_woolsey_fire,G:\My Drive\KhoaLuan_Data\data\xBD\train\images\socal-fire_00001140_pre_disaster.png,G:\My Drive\KhoaLuan_Data\data\xBD\Tier3\tier3\tier3\images\woolsey-fire_00000788_pre_disaster.png
sha256_bc7f625ec9e3d155,bc7f625ec9e3d15532ba1bb753828cfe0c33378247a51a8e3955270c89827d63,pre,xbd_train_socal_fire_00001123,xbd_tier3_woolsey_fire_00000782,xbd_socal_fire,xbd_woolsey_fire,G:\My Drive\KhoaLuan_Data\data\xBD\train\images\socal-fire_00001123_pre_disaster.png,G:\My Drive\KhoaLuan_Data\data\xBD\Tier3\tier3\tier3\images\woolsey-fire_00000782_pre_disaster.png
sha256_332540e3af9b6cb3,332540e3af9b6cb3a20943b700016bd6ad166f7d286d3e0c35d4447e54b05957,pre,xbd_train_socal_fire_00001154,xbd_tier3_woolsey_fire_00000796,xbd_socal_fire,xbd_woolsey_fire,G:\My Drive\KhoaLuan_Data\data\xBD\train\images\socal-fire_00001154_pre_disaster.png,G:\My Drive\KhoaLuan_Data\data\xBD\Tier3\tier3\tier3\images\woolsey-fire_00000796_pre_disaster.png
sha256_63caa413d11338cd,63caa413d11338cdaac0ea468c26faa1e6b82bb86cc120b9a4ade3f8dbe17d8b,pre,xbd_train_socal_fire_00001165,xbd_tier3_woolsey_fire_00000825,xbd_socal_fire,xbd_woolsey_fire,G:\My Drive\KhoaLuan_Data\data\xBD\train\images\socal-fire_00001165_pre_disaster.png,G:\My Drive\KhoaLuan_Data\data\xBD\Tier3\tier3\tier3\images\woolsey-fire_00000825_pre_disaster.png
sha256_d34e4ad8aaf8e1b5,d34e4ad8aaf8e1b59ea4c24c007db613b8f58810060f3348abfa157e76ed3f01,pre,xbd_train_socal_fire_00001170,xbd_tier3_woolsey_fire_00000802,xbd_socal_fire,xbd_woolsey_fire,G:\My Drive\KhoaLuan_Data\data\xBD\train\images\socal-fire_00001170_pre_disaster.png,G:\My Drive\KhoaLuan_Data\data\xBD\Tier3\tier3\tier3\images\woolsey-fire_00000802_pre_disaster.png
sha256_33d6dfd4163241bf,33d6dfd4163241bf160345537dce3d87c9128264f2b9e753e14c2913ee1dc0d7,pre,xbd_train_socal_fire_00001175,xbd_tier3_woolsey_fire_00000761,xbd_socal_fire,xbd_woolsey_fire,G:\My Drive\KhoaLuan_Data\data\xBD\train\images\socal-fire_00001175_pre_disaster.png,G:\My Drive\KhoaLuan_Data\data\xBD\Tier3\tier3\tier3\images\woolsey-fire_00000761_pre_disaster.png
sha256_3effa75e391924e2,3effa75e391924e2ca1d4ae341c50a07bc73c570cc53f7ec03a5c74f2aaebc8a,pre,xbd_train_socal_fire_00001171,xbd_tier3_woolsey_fire_00000783,xbd_socal_fire,xbd_woolsey_fire,G:\My Drive\KhoaLuan_Data\data\xBD\train\images\socal-fire_00001171_pre_disaster.png,G:\My Drive\KhoaLuan_Data\data\xBD\Tier3\tier3\tier3\images\woolsey-fire_00000783_pre_disaster.png
sha256_4e2c4c3dffa4ef2c,4e2c4c3dffa4ef2c1e3376ac17d87298fdd79e3afbe0bc6af43f4ea2e65d230a,pre,xbd_train_socal_fire_00001177,xbd_tier3_woolsey_fire_00000831,xbd_socal_fire,xbd_woolsey_fire,G:\My Drive\KhoaLuan_Data\data\xBD\train\images\socal-fire_00001177_pre_disaster.png,G:\My Drive\KhoaLuan_Data\data\xBD\Tier3\tier3\tier3\images\woolsey-fire_00000831_pre_disaster.png
sha256_6f20f4cad9f31ce7,6f20f4cad9f31ce7e0d6dcfd79151c8c50bc8abe2c9c2f273a0829fc80b4d429,pre,xbd_train_socal_fire_00001178,xbd_tier3_woolsey_fire_00000804,xbd_socal_fire,xbd_woolsey_fire,G:\My Drive\KhoaLuan_Data\data\xBD\train\images\socal-fire_00001178_pre_disaster.png,G:\My Drive\KhoaLuan_Data\data\xBD\Tier3\tier3\tier3\images\woolsey-fire_00000804_pre_disaster.png
sha256_1b711d9738cf8cd6,1b711d9738cf8cd6afc5182ba557ea40c6971ba23590c5cd1cc90222791a7599,pre,xbd_train_socal_fire_00001192,xbd_tier3_woolsey_fire_00000848,xbd_socal_fire,xbd_woolsey_fire,G:\My Drive\KhoaLuan_Data\data\xBD\train\images\socal-fire_00001192_pre_disaster.png,G:\My Drive\KhoaLuan_Data\data\xBD\Tier3\tier3\tier3\images\woolsey-fire_00000848_pre_disaster.png
sha256_1ab494295199219b,1ab494295199219b46c01c993d3cfd48f4f27e99d2cdfbec6cfba5ecf67a6729,pre,xbd_train_socal_fire_00001186,xbd_tier3_woolsey_fire_00000791,xbd_socal_fire,xbd_woolsey_fire,G:\My Drive\KhoaLuan_Data\data\xBD\train\images\socal-fire_00001186_pre_disaster.png,G:\My Drive\KhoaLuan_Data\data\xBD\Tier3\tier3\tier3\images\woolsey-fire_00000791_pre_disaster.png
sha256_c99e04277aa2426c,c99e04277aa2426cf7bff6a06a43f63197a868979cc5e930232f127e091a0b69,pre,xbd_train_socal_fire_00001203,xbd_tier3_woolsey_fire_00000853,xbd_socal_fire,xbd_woolsey_fire,G:\My Drive\KhoaLuan_Data\data\xBD\train\images\socal-fire_00001203_pre_disaster.png,G:\My Drive\KhoaLuan_Data\data\xBD\Tier3\tier3\tier3\images\woolsey-fire_00000853_pre_disaster.png
sha256_2b76838c0797215a,2b76838c0797215a90370f2dc7a14a7db264694e850ef9fa201d16a3bb8aef05,pre,xbd_train_socal_fire_00001211,xbd_tier3_woolsey_fire_00000826,xbd_socal_fire,xbd_woolsey_fire,G:\My Drive\KhoaLuan_Data\data\xBD\train\images\socal-fire_00001211_pre_disaster.png,G:\My Drive\KhoaLuan_Data\data\xBD\Tier3\tier3\tier3\images\woolsey-fire_00000826_pre_disaster.png
sha256_67eea6f6df9536a6,67eea6f6df9536a6908b90d3719335ad931bdc480c4e1623743ef0e8c41bd34c,pre,xbd_train_socal_fire_00001218,xbd_tier3_woolsey_fire_00000824,xbd_socal_fire,xbd_woolsey_fire,G:\My Drive\KhoaLuan_Data\data\xBD\train\images\socal-fire_00001218_pre_disaster.png,G:\My Drive\KhoaLuan_Data\data\xBD\Tier3\tier3\tier3\images\woolsey-fire_00000824_pre_disaster.png
sha256_530491841fae9d1a,530491841fae9d1ad62ab87b9318b3861de1793006c04c344669c2b114018f46,pre,xbd_train_socal_fire_00001223,xbd_tier3_woolsey_fire_00000832,xbd_socal_fire,xbd_woolsey_fire,G:\My Drive\KhoaLuan_Data\data\xBD\train\images\socal-fire_00001223_pre_disaster.png,G:\My Drive\KhoaLuan_Data\data\xBD\Tier3\tier3\tier3\images\woolsey-fire_00000832_pre_disaster.png
sha256_852de80fb87db1ad,852de80fb87db1adb8ce2e375fc020ff1321ff8619565f576c65add4d230d6cd,pre,xbd_train_socal_fire_00001234,xbd_tier3_woolsey_fire_00000837,xbd_socal_fire,xbd_woolsey_fire,G:\My Drive\KhoaLuan_Data\data\xBD\train\images\socal-fire_00001234_pre_disaster.png,G:\My Drive\KhoaLuan_Data\data\xBD\Tier3\tier3\tier3\images\woolsey-fire_00000837_pre_disaster.png
sha256_26876e39d59c553e,26876e39d59c553e1c6525f464695b8af78c45e6d9eafbaf1491c06cf96aa907,pre,xbd_train_socal_fire_00001235,xbd_tier3_woolsey_fire_00000835,xbd_socal_fire,xbd_woolsey_fire,G:\My Drive\KhoaLuan_Data\data\xBD\train\images\socal-fire_00001235_pre_disaster.png,G:\My Drive\KhoaLuan_Data\data\xBD\Tier3\tier3\tier3\images\woolsey-fire_00000835_pre_disaster.png
sha256_d3396eac271a5082,d3396eac271a50824d34792c2d203145ac93db4b399f48d4bc3f75cc61ceff25,pre,xbd_train_socal_fire_00001248,xbd_tier3_woolsey_fire_00000786,xbd_socal_fire,xbd_woolsey_fire,G:\My Drive\KhoaLuan_Data\data\xBD\train\images\socal-fire_00001248_pre_disaster.png,G:\My Drive\KhoaLuan_Data\data\xBD\Tier3\tier3\tier3\images\woolsey-fire_00000786_pre_disaster.png
sha256_ff26dc4323a7708f,ff26dc4323a7708fe3060406f4ca49504290da10b54ccb9f9bfdafb12ef26f3b,pre,xbd_train_socal_fire_00001237,xbd_tier3_woolsey_fire_00000780,xbd_socal_fire,xbd_woolsey_fire,G:\My Drive\KhoaLuan_Data\data\xBD\train\images\socal-fire_00001237_pre_disaster.png,G:\My Drive\KhoaLuan_Data\data\xBD\Tier3\tier3\tier3\images\woolsey-fire_00000780_pre_disaster.png
sha256_351f1492efbc31b4,351f1492efbc31b4accdd65992cf9c36c8e118486fa0c529e68d3db64ca7917a,pre,xbd_train_socal_fire_00001258,xbd_tier3_woolsey_fire_00000845,xbd_socal_fire,xbd_woolsey_fire,G:\My Drive\KhoaLuan_Data\data\xBD\train\images\socal-fire_00001258_pre_disaster.png,G:\My Drive\KhoaLuan_Data\data\xBD\Tier3\tier3\tier3\images\woolsey-fire_00000845_pre_disaster.png
sha256_d81e9dfdff61ceec,d81e9dfdff61ceece6cff6cec70d26b5a355db66e06733ccd9d47fc1b59bf03d,pre,xbd_train_socal_fire_00001263,xbd_tier3_woolsey_fire_00000839,xbd_socal_fire,xbd_woolsey_fire,G:\My Drive\KhoaLuan_Data\data\xBD\train\images\socal-fire_00001263_pre_disaster.png,G:\My Drive\KhoaLuan_Data\data\xBD\Tier3\tier3\tier3\images\woolsey-fire_00000839_pre_disaster.png
sha256_cb179988bfd887ed,cb179988bfd887ed1cbcf170d966af6c3736c7d986069a2a1924acbd2dc706a9,pre,xbd_train_socal_fire_00001259,xbd_tier3_woolsey_fire_00000789,xbd_socal_fire,xbd_woolsey_fire,G:\My Drive\KhoaLuan_Data\data\xBD\train\images\socal-fire_00001259_pre_disaster.png,G:\My Drive\KhoaLuan_Data\data\xBD\Tier3\tier3\tier3\images\woolsey-fire_00000789_pre_disaster.png
sha256_584dddd98163d30d,584dddd98163d30d3e6a9a8baa76f0ad000d9e09893da95e979f6d7162c598e3,pre,xbd_train_socal_fire_00001270,xbd_tier3_woolsey_fire_00000844,xbd_socal_fire,xbd_woolsey_fire,G:\My Drive\KhoaLuan_Data\data\xBD\train\images\socal-fire_00001270_pre_disaster.png,G:\My Drive\KhoaLuan_Data\data\xBD\Tier3\tier3\tier3\images\woolsey-fire_00000844_pre_disaster.png
sha256_8be35bd8261f2a72,8be35bd8261f2a72992869fefc34d0b41effbe61d1ce4654a5bdc9f27eb357da,pre,xbd_train_socal_fire_00001278,xbd_tier3_woolsey_fire_00000801,xbd_socal_fire,xbd_woolsey_fire,G:\My Drive\KhoaLuan_Data\data\xBD\train\images\socal-fire_00001278_pre_disaster.png,G:\My Drive\KhoaLuan_Data\data\xBD\Tier3\tier3\tier3\images\woolsey-fire_00000801_pre_disaster.png
sha256_5ee38a2b43e807fe,5ee38a2b43e807fe99fb7eb06a9d5f80b5f8c337e85aba83bc272cff3a8c46da,pre,xbd_train_socal_fire_00001286,xbd_tier3_woolsey_fire_00000855,xbd_socal_fire,xbd_woolsey_fire,G:\My Drive\KhoaLuan_Data\data\xBD\train\images\socal-fire_00001286_pre_disaster.png,G:\My Drive\KhoaLuan_Data\data\xBD\Tier3\tier3\tier3\images\woolsey-fire_00000855_pre_disaster.png
sha256_80031e14be473fce,80031e14be473fce7affa0e2f6fcbbcf0c9bb0b4b5d2421bee787a263167a151,pre,xbd_train_socal_fire_00001312,xbd_tier3_woolsey_fire_00000858,xbd_socal_fire,xbd_woolsey_fire,G:\My Drive\KhoaLuan_Data\data\xBD\train\images\socal-fire_00001312_pre_disaster.png,G:\My Drive\KhoaLuan_Data\data\xBD\Tier3\tier3\tier3\images\woolsey-fire_00000858_pre_disaster.png
sha256_7367aa8f8e34ea62,7367aa8f8e34ea62308d03ed171ffa3e5e8f8a34ecdc965c85a880fef8bf6efd,pre,xbd_train_socal_fire_00001320,xbd_tier3_woolsey_fire_00000818,xbd_socal_fire,xbd_woolsey_fire,G:\My Drive\KhoaLuan_Data\data\xBD\train\images\socal-fire_00001320_pre_disaster.png,G:\My Drive\KhoaLuan_Data\data\xBD\Tier3\tier3\tier3\images\woolsey-fire_00000818_pre_disaster.png
sha256_dd44449e530fef17,dd44449e530fef17c70c6ebde32fd2d329531258d8dc9164326f223524749569,pre,xbd_train_socal_fire_00001323,xbd_tier3_woolsey_fire_00000860,xbd_socal_fire,xbd_woolsey_fire,G:\My Drive\KhoaLuan_Data\data\xBD\train\images\socal-fire_00001323_pre_disaster.png,G:\My Drive\KhoaLuan_Data\data\xBD\Tier3\tier3\tier3\images\woolsey-fire_00000860_pre_disaster.png
sha256_7f45164264db1743,7f45164264db1743b1b4656f816a54fb241f15bd05dc1a2d7b9b79fa8c0e169a,pre,xbd_train_socal_fire_00001333,xbd_tier3_woolsey_fire_00000862,xbd_socal_fire,xbd_woolsey_fire,G:\My Drive\KhoaLuan_Data\data\xBD\train\images\socal-fire_00001333_pre_disaster.png,G:\My Drive\KhoaLuan_Data\data\xBD\Tier3\tier3\tier3\images\woolsey-fire_00000862_pre_disaster.png
sha256_b31772f55c91f34d,b31772f55c91f34d3d3249d63e1a64cdeacb441bf2b83c9d434feff9ab309a9d,pre,xbd_train_socal_fire_00001344,xbd_tier3_woolsey_fire_00000864,xbd_socal_fire,xbd_woolsey_fire,G:\My Drive\KhoaLuan_Data\data\xBD\train\images\socal-fire_00001344_pre_disaster.png,G:\My Drive\KhoaLuan_Data\data\xBD\Tier3\tier3\tier3\images\woolsey-fire_00000864_pre_disaster.png
sha256_76ac4d83f4022ace,76ac4d83f4022acea464b928ce1238d81fe362e8655f70854fdadf04235c53d3,pre,xbd_train_socal_fire_00001353,xbd_tier3_woolsey_fire_00000866,xbd_socal_fire,xbd_woolsey_fire,G:\My Drive\KhoaLuan_Data\data\xBD\train\images\socal-fire_00001353_pre_disaster.png,G:\My Drive\KhoaLuan_Data\data\xBD\Tier3\tier3\tier3\images\woolsey-fire_00000866_pre_disaster.png
